SpellID	SpellName	SpellTextRank	SpellRank	SpellSkill	DefaultSkin	SpellSkillDesc	SpellSkillKeyword	SeasonID	IsAvailable	IsInRandomPool	SpellTips	ChessRookieType	SpellSpecialType	IsSpecialSpell
2024210001	珠联璧合	二	2	24210001	zhulianbihe	挑选1张等级2的武将牌	[0]	1	1	0				
2024210021	珠联璧合	三	3	24210021	zhulianbihe	挑选1张等级3的武将牌	[0]	1	1	0				
2024210022	珠联璧合	四	4	24210022	zhulianbihe	挑选1张等级4的武将牌	[0]	1	1	0				
2024210023	珠联璧合	五	5	24210023	zhulianbihe	挑选1张等级5的武将牌	[0]	1	1	0				
2024210024	珠联璧合	六	6	24210024	zhulianbihe	挑选1张等级6的武将牌	[0]	1	1	0				
2024210025	洞烛先机	二	2	24210029	dongzhuxianji	营帐升级费用-2	[0]	1	1	1				
2024210026	兵贵神速	二	2	24210030	bingguishensu	使1个友方获得+2/+1	[0]	1	1	1				
2024210027	酒	二	2	24210031	jiu	使1个友方获得攻击+3	[0]	1	1	1				
2024210028	桃	二	2	24210032	tao	使1个友方获得体力+3	[0]	1	1	1				
2024210029	金蝉脱壳	二	2	24210033	jinchantuoqiao	使营帐的1个武将变化为等级+1的武将	[0]	1	1	1				
2024210030	联军盛宴	二	2	24210034	lianjunshengyan	使营帐的1个武将获得+2/+2	[0]	1	1	1				
2024210031	万箭齐发	二	2	24210035	wanjianqifa	下场战斗开始时，对全体敌方造成2点伤害	[0]	1	1	1	wanjian			
2024210032	南蛮入侵	二	2	24210036	nanmanruqin	下场战斗开始时，使全体敌方获得攻击-2	[0]	1	1	1	nanman			
2024210033	无中生有	三	3	24210037	wuzhongshengyou	随机获得2张等级1的武将牌	[0]	1	1	1				
2024210034	顺手牵羊	三	3	24210038	shunshouqianyang	随机获得当前营帐的1张牌	[0]	1	1	1				
2024210035	随机应变	三	3	24210039	suijiyingbian	挑选1张等级2的武将牌	[0]	1	1	1				
2024210036	洞烛先机	三	3	24210040	dongzhuxianji	营帐升级费用-3	[0]	1	1	1				
2024210037	兵贵神速	三	3	24210041	bingguishensu	使1个友方获得+3/+2	[0]	1	1	1				
2024210038	酒	三	3	24210042	jiu	使1个友方获得攻击+5	[0]	1	1	1				
2024210039	桃	三	3	24210043	tao	使1个友方获得体力+5	[0]	1	1	1				
2024210040	联军盛宴	三	3	24210044	lianjunshengyan	使营帐的1个武将获得+4/+4	[0]	1	1	1				
2024210041	桃园结义	三	3	24210045	taoyuanjieyi	使全体友方获得体力+2	[0]	1	1	1				
2024210042	天降神兵	三	3	24210046	tianjiangshenbing	使全体友方获得攻击+2	[0]	1	1	1				
2024210043	五谷丰登	三	3	24210047	wugufengdeng	使全体友方获得+1/+1	[0]	1	1	1				
2024210044	铁索连环	三	3	24210048	tiesuolianhuan	每个招募阶段开始时，使营帐被锁定的武将获得+3/+3	[0]	1	1	1	tiesuo			
2024210045	斗转星移	四	4	24210049	douzhuanxingyi	移除1个友方，下次招募的武将获得其属性值	[0]	1	1	1				
2024210046	白衣渡江	三	3	24210050	baiyidujiang	使1个友方获得破军：永久获得+1/+1	[0]	1	1	1				
2024210047	闪电	三	3	24210051	shandian	下场战斗开始时，对随机敌方造成9点伤害	[0]	1	1	1	shandian			
2024210048	苦肉计	三	3	24210052	kurouji	使1个友方获得：战斗开始时，对自身造成1点伤害，永久获得+2/+2	[0]	1	1	1				
2024210049	无中生有	四	4	24210053	wuzhongshengyou	随机获得2张等级2的武将牌	[0]	1	1	1				
2024210050	随机应变	四	4	24210054	suijiyingbian	挑选1张等级3的武将牌	[0]	1	1	1				
2024210051	洞烛先机	四	4	24210055	dongzhuxianji	营帐升级费用-4	[0]	1	1	1				
2024210052	兵贵神速	四	4	24210056	bingguishensu	使1个友方获得+4/+3	[0]	1	1	1				
2024210053	酒	四	4	24210057	jiu	使1个友方获得攻击+7	[0]	1	1	1				
2024210054	桃	四	4	24210058	tao	使1个友方获得体力+7	[0]	1	1	1				
2024210055	联军盛宴	四	4	24210059	lianjunshengyan	使营帐的1个武将获得+6/+6	[0]	1	1	1				
2024210056	万箭齐发	四	4	24210060	wanjianqifa	下场战斗开始时，对全体敌方造成4点伤害	[0]	1	1	1	wanjian			
2024210057	南蛮入侵	四	4	24210061	nanmanruqin	下场战斗开始时，使全体敌方获得攻击-4	[0]	1	1	1	nanman			
2024210058	桃园结义	四	4	24210062	taoyuanjieyi	使全体友方获得体力+4	[0]	1	1	1				
2024210059	天降神兵	四	4	24210063	tianjiangshenbing	使全体友方获得攻击+4	[0]	1	1	1				
2024210060	五谷丰登	四	4	24210064	wugufengdeng	使全体友方获得+2/+2	[0]	1	1	1				
2024210061	铁索连环	四	4	24210065	tiesuolianhuan	每个招募阶段开始时，使营帐被锁定的武将获得+5/+5	[0]	1	1	1	tiesuo			
2024210063	决斗	四	4	24210067	juedou	使1个友方获得：攻击时，先对目标造成4点伤害	[0]	1	1	1				
2024210064	以逸待劳	四	4	24210068	yiyidailao	使1个友方获得：招募结束时，获得+2/+2	[0]	1	1	1				
2024210065	望梅止渴	四	4	24210069	wangmeizhike	下场战斗开始时，使全体友方获得+4/+4	[0]	1	1	1	wangmei			
2024210066	乐不思蜀	四	4	24210070	lebusishu	使1个友方获得+4/+6和无法攻击	[0]	1	1	1				
2024210067	抛砖引玉	三	3	24210071	paozhuanyinyu	选择1个友方，使营帐刷新出相同势力的武将	[0]	1	1	1				
2024210068	偷梁换柱	四	4	24210072	toulianghuanzhu	移除场上最左侧的友方，获得营帐最右侧的武将	[0]	1	0	0				
2024210069	无中生有	五	5	24210073	wuzhongshengyou	随机获得2张等级3的武将牌	[0]	1	1	1				
2024210070	随机应变	五	5	24210074	suijiyingbian	挑选1张等级4的武将牌	[0]	1	1	1				
2024210071	洞烛先机	五	5	24210075	dongzhuxianji	营帐升级费用-5	[0]	1	1	1				
2024210072	兵贵神速	五	5	24210076	bingguishensu	使1个友方获得+8/+8	[0]	1	1	1				
2024210073	酒	五	5	24210077	jiu	使1个友方获得攻击+11	[0]	1	1	1				
2024210074	桃	五	5	24210078	tao	使1个友方获得体力+10	[0]	1	1	1				
2024210075	联军盛宴	五	5	24210079	lianjunshengyan	使营帐的1个武将获得+10/+10	[0]	1	1	1				
2024210076	万箭齐发	五	5	24210080	wanjianqifa	下场战斗开始时，对全体敌方造成6点伤害	[0]	1	1	1	wanjian			
2024210077	南蛮入侵	五	5	24210081	nanmanruqin	下场战斗开始时，使全体敌方获得攻击-6	[0]	1	1	1	nanman			
2024210078	桃园结义	五	5	24210082	taoyuanjieyi	使全体友方获得体力+5	[0]	1	1	1				
2024210079	天降神兵	五	5	24210083	tianjiangshenbing	使全体友方获得攻击+5	[0]	1	1	1				
2024210080	五谷丰登	五	5	24210084	wugufengdeng	使全体友方获得+3/+3	[0]	1	1	1				
2024210081	铁索连环	五	5	24210085	tiesuolianhuan	每个招募阶段开始时，使营帐被锁定的武将获得+7/+7	[0]	1	1	1	tiesuo			
2024210083	白衣渡江	五	5	24210087	baiyidujiang	使1个友方获得破军：永久获得+3/+3	[0]	1	1	1				
2024210084	闪电	五	5	24210088	shandian	下场战斗开始时，对随机敌方造成9点伤害3次	[0]	1	1	1	shandian			
2024210085	苦肉计	五	5	24210089	kurouji	使1个友方获得：战斗开始时，对自身造成1点伤害，永久获得+4/+4	[0]	1	1	1				
2024210086	决斗	五	5	24210090	juedou	使1个友方获得：攻击时，先对目标造成8点伤害	[0]	1	1	1				
2024210087	以逸待劳	五	5	24210091	yiyidailao	使1个友方获得：招募结束时，获得+3/+3	[0]	1	1	1				
2024210088	兵粮寸断	五	5	24210092	bingliangcunduan	随机获得2张当前等级的武将，下个招募阶段无法招募武将	[0]	1	0	0	bingliang			
2024210089	草船借箭	五	5	24210093	caochuanjiejian	挑选你上一个对手的一张武将牌的初始复制	[0]	1	1	1				
2024210090	瞒天过海	五	5	24210094	mantianguohai	使全体友方获得：招募结束时，获得+1/+1	[0]	1	1	1				
2024210091	水淹七军	五	5	24210095	shuiyanqijun	使1个友方获得：战斗开始时，对全体敌方造成3点伤害	[0]	1	1	1				
2024210092	无中生有	六	6	24210096	wuzhongshengyou	随机获得2张等级4的武将牌	[0]	1	1	1				
2024210093	随机应变	六	6	24210097	suijiyingbian	挑选1张等级5的武将牌	[0]	1	1	1				
2024210094	万箭齐发	六	6	24210098	wanjianqifa	下场战斗开始时，对全体敌方造成10点伤害	[0]	1	1	1	wanjian			
2024210095	南蛮入侵	六	6	24210099	nanmanruqin	下场战斗开始时，使全体敌方获得攻击-10	[0]	1	1	1	nanman			
2024210096	桃园结义	六	6	24210100	taoyuanjieyi	使全体友方获得体力+6	[0]	1	1	1				
2024210097	天降神兵	六	6	24210101	tianjiangshenbing	使全体友方获得攻击+6	[0]	1	1	1				
2024210098	五谷丰登	六	6	24210102	wugufengdeng	使全体友方获得+4/+4	[0]	1	1	1				
2024210100	决斗	六	6	24210104	juedou	使1个友方获得：攻击时，先对目标造成12点伤害	[0]	1	1	1				
2024210101	以逸待劳	六	6	24210105	yiyidailao	使1个友方获得：招募结束时，获得+4/+4	[0]	1	1	1				
2024210102	望梅止渴	六	6	24210106	wangmeizhike	下场战斗开始时，使全体友方获得+4/+4和咆哮	[0]	1	1	1	wangmei			
2024210103	乐不思蜀	六	6	24210107	lebusishu	使1个友方获得+8/+12和无法攻击	[0]	1	1	1				
2024210104	李代桃僵	六	6	24210108	lidaitaojiang	使1个友方吸取其右侧武将一半的攻击	[0]	1	1	1				
2024210105	无懈可击	六	6	24210109	wuxiekeji	使1个友方获得御策	[0]	1	1	1				
2024210107	浑水摸鱼	六	6	24210111	hunshuimoyu	随机获得1张等级6的武将牌	[0]	1	1	1				
30021	鸩毒	六	6	30021	zhendu	使1个友方获得：攻击时，使目标的体力变为1	[0]	1	1	1				
30031	火攻	四	4	30031	huogong	使1个友方获得：战斗开始时，对1个随机敌方造成8点伤害	[0]	1	1	1				
30032	火攻	五	5	30032	huogong	使1个友方获得：战斗开始时，对2个随机敌方造成8点伤害	[0]	1	1	1				
30033	火攻	六	6	30033	huogong	使1个友方获得：战斗开始时，对3个随机敌方造成8点伤害	[0]	1	1	1				
302011	珠联璧合	二	2	302011	zhulianbihe	挑选1张等级2的武将牌	[0]	2	1	0				
302012	珠联璧合	三	3	302012	zhulianbihe	挑选1张等级3的武将牌	[0]	2	1	0				
302013	珠联璧合	四	4	302013	zhulianbihe	挑选1张等级4的武将牌	[0]	2	1	0				
302014	珠联璧合	五	5	302014	zhulianbihe	挑选1张等级5的武将牌	[0]	2	1	0				
302015	珠联璧合	六	6	302015	zhulianbihe	挑选1张等级6的武将牌	[0]	2	1	0				
302021	洞烛先机	二	2	302021	dongzhuxianji	营帐升级费用-2	[0]	2	1	1				
302022	洞烛先机	三	3	302022	dongzhuxianji	营帐升级费用-3	[0]	2	1	1				
302023	洞烛先机	四	4	302023	dongzhuxianji	营帐升级费用-4	[0]	2	1	1				
302024	洞烛先机	五	5	302024	dongzhuxianji	营帐升级费用-5	[0]	2	1	1				
302031	兵贵神速	二	2	302031	bingguishensu	使1个友方获得+2/+1	[0]	2	1	1				
302032	兵贵神速	三	3	302032	bingguishensu	使1个友方获得+3/+2	[0]	2	1	1				
302033	兵贵神速	四	4	302033	bingguishensu	使1个友方获得+4/+3	[0]	2	1	1				
302034	兵贵神速	五	5	302034	bingguishensu	使1个友方获得+8/+8	[0]	2	1	1				
302041	酒	二	2	302041	jiu	使1个友方获得攻击+3	[0]	2	1	1				
302042	酒	三	3	302042	jiu	使1个友方获得攻击+5	[0]	2	1	1				
302043	酒	四	4	302043	jiu	使1个友方获得攻击+8	[0]	2	1	1				
302044	酒	五	5	302044	jiu	使1个友方获得攻击+12	[0]	2	1	1				
302051	桃	二	2	302051	tao	使1个友方获得体力+3	[0]	2	1	1				
302052	桃	三	3	302052	tao	使1个友方获得体力+5	[0]	2	1	1				
302053	桃	四	4	302053	tao	使1个友方获得体力+8	[0]	2	1	1				
302054	桃	五	5	302054	tao	使1个友方获得体力+12	[0]	2	1	1				
302061	金蝉脱壳	二	2	302061	jinchantuoqiao	使营帐的1个武将变化为等级+1的武将	[0]	2	1	1				
302071	联军盛宴	二	2	302071	lianjunshengyan	使营帐的1个武将获得+3/+3	[0]	2	1	1				
302072	联军盛宴	三	3	302072	lianjunshengyan	使营帐的1个武将获得+5/+5	[0]	2	1	1				
302073	联军盛宴	四	4	302073	lianjunshengyan	使营帐的1个武将获得+8/+8	[0]	2	1	1				
302074	联军盛宴	五	5	302074	lianjunshengyan	使营帐的1个武将获得+10/+10	[0]	2	1	1				
302081	万箭齐发	二	2	302081	wanjianqifa	下场战斗开始时，对全体敌方造成2点伤害	[0]	2	1	1	wanjian			
302082	万箭齐发	四	4	302082	wanjianqifa	下场战斗开始时，对全体敌方造成4点伤害	[0]	2	1	1	wanjian			
302083	万箭齐发	五	5	302083	wanjianqifa	下场战斗开始时，对全体敌方造成6点伤害	[0]	2	1	1	wanjian			
302084	万箭齐发	六	6	302084	wanjianqifa	下场战斗开始时，对全体敌方造成10点伤害	[0]	2	1	1	wanjian			
302091	南蛮入侵	二	2	302091	nanmanruqin	下场战斗开始时，使全体敌方获得攻击-2	[0]	2	1	1	nanman			
302092	南蛮入侵	四	4	302092	nanmanruqin	下场战斗开始时，使全体敌方获得攻击-4	[0]	2	1	1	nanman			
302093	南蛮入侵	五	5	302093	nanmanruqin	下场战斗开始时，使全体敌方获得攻击-6	[0]	2	1	1	nanman			
302094	南蛮入侵	六	6	302094	nanmanruqin	下场战斗开始时，使全体敌方获得攻击-10	[0]	2	1	1	nanman			
302101	无中生有	三	3	302101	wuzhongshengyou	随机获得2张等级1的武将牌	[0]	2	1	1				
302102	无中生有	四	4	302102	wuzhongshengyou	随机获得2张等级2的武将牌	[0]	2	1	1				
302103	无中生有	五	5	302103	wuzhongshengyou	随机获得2张等级3的武将牌	[0]	2	1	1				
302104	无中生有	六	6	302104	wuzhongshengyou	随机获得2张等级4的武将牌	[0]	2	1	1				
302111	顺手牵羊	三	3	302111	shunshouqianyang	随机获得当前营帐的1张牌	[0]	2	1	1				
302121	随机应变	三	3	302121	suijiyingbian	挑选1张等级2的武将牌	[0]	2	1	1				
302122	随机应变	四	4	302122	suijiyingbian	挑选1张等级3的武将牌	[0]	2	1	1				
302123	随机应变	五	5	302123	suijiyingbian	挑选1张等级4的武将牌	[0]	2	1	1				
302124	随机应变	六	6	302124	suijiyingbian	挑选1张等级5的武将牌	[0]	2	1	1				
302131	桃园结义	三	3	302131	taoyuanjieyi	使全体友方获得体力+2	[0]	2	1	1				
302132	桃园结义	四	4	302132	taoyuanjieyi	使全体友方获得体力+4	[0]	2	1	1				
302133	桃园结义	五	5	302133	taoyuanjieyi	使全体友方获得体力+5	[0]	2	1	1				
302134	桃园结义	六	6	302134	taoyuanjieyi	使全体友方获得体力+6	[0]	2	1	1				
302141	天降神兵	三	3	302141	tianjiangshenbing	使全体友方获得攻击+2	[0]	2	1	1				
302142	天降神兵	四	4	302142	tianjiangshenbing	使全体友方获得攻击+4	[0]	2	1	1				
302143	天降神兵	五	5	302143	tianjiangshenbing	使全体友方获得攻击+5	[0]	2	1	1				
302144	天降神兵	六	6	302144	tianjiangshenbing	使全体友方获得攻击+6	[0]	2	1	1				
302151	五谷丰登	三	3	302151	wugufengdeng	使全体友方获得+1/+1	[0]	2	1	1				
302152	五谷丰登	四	4	302152	wugufengdeng	使全体友方获得+2/+2	[0]	2	1	1				
302153	五谷丰登	五	5	302153	wugufengdeng	使全体友方获得+3/+3	[0]	2	1	1				
302154	五谷丰登	六	6	302154	wugufengdeng	使全体友方获得+4/+4	[0]	2	1	1				
302161	铁索连环	三	3	302161	tiesuolianhuan	每个招募阶段开始时，使营帐被锁定的武将获得+3/+3	[0]	2	1	1	tiesuo			
302162	铁索连环	四	4	302162	tiesuolianhuan	每个招募阶段开始时，使营帐被锁定的武将获得+5/+5	[0]	2	1	1	tiesuo			
302163	铁索连环	五	5	302163	tiesuolianhuan	每个招募阶段开始时，使营帐被锁定的武将获得+8/+8	[0]	2	1	1	tiesuo			
302171	白衣渡江	三	3	302171	baiyidujiang	使1个友方获得：招募结束时，手牌上限+1	[0]	2	1	1				
302172	白衣渡江	五	5	302172	baiyidujiang	使1个友方获得：招募结束时，手牌上限+1并获得手牌数的属性	[0]	2	1	1				
302181	闪电	三	3	302181	shandian	下场战斗开始时，对随机敌方造成9点伤害	[0]	2	1	1	shandian			
302182	闪电	五	5	302182	shandian	下场战斗开始时，对随机敌方造成9点伤害3次	[0]	2	1	1				
302191	苦肉计	三	3	302191	kurouji	使1个友方获得：战斗开始时，对自身造成1点伤害，永久获得+2/+2	[0]	2	1	1				
302192	苦肉计	五	5	302192	kurouji	使1个友方获得：战斗开始时，对自身造成1点伤害，永久获得+4/+4	[0]	2	1	1				
302201	抛砖引玉	三	3	302201	paozhuanyinyu	选择1个友方，使营帐刷新出相同势力的武将	[0]	2	1	1				
302211	斗转星移	四	4	302211	douzhuanxingyi	移除1个友方，下次招募的武将获得其属性值	[0]	2	1	1				
302221	决斗	四	4	302221	juedou	使1个友方获得：攻击时，先对目标造成4点伤害	[0]	2	1	1				
302222	决斗	五	5	302222	juedou	使1个友方获得：攻击时，先对目标造成8点伤害	[0]	2	1	1				
302223	决斗	六	6	302223	juedou	使1个友方获得：攻击时，先对目标造成8点伤害2次	[0]	2	1	1				
302231	以逸待劳	四	4	302231	yiyidailao	使1个友方获得：招募结束时，获得+2/+2	[0]	2	1	1				
302232	以逸待劳	五	5	302232	yiyidailao	使1个友方获得：招募结束时，获得+3/+3	[0]	2	1	1				
302233	以逸待劳	六	6	302233	yiyidailao	使1个友方获得：招募结束时，获得+4/+4	[0]	2	1	1				
302241	望梅止渴	四	4	302241	wangmeizhike	下场战斗开始时，使全体友方获得+4/+4	[0]	2	0	0	wangmei			
302242	望梅止渴	六	6	302242	wangmeizhike	下场战斗开始时，使全体友方获得+4/+4和咆哮	[0]	2	0	0	wangmei			
302251	乐不思蜀	四	4	302251	lebusishu	使1个友方获得+4/+6和无法攻击	[0]	2	1	1				
302252	乐不思蜀	六	6	302252	lebusishu	使1个友方获得+8/+12和无法攻击	[0]	2	1	1				
302261	瞒天过海	五	5	302261	mantianguohai	使全体友方获得：招募结束时，获得+1/+1	[0]	2	1	1				
302271	水淹七军	五	5	302271	shuiyanqijun	每场战斗开始时，对全体敌方造成3点伤害	[0]	2	1	1	shuiyan			
302281	火攻	四	4	302281	huogong	使1个友方获得：战斗开始时，对1个随机敌方造成8点伤害	[0]	2	1	1				
302282	火攻	五	5	302282	huogong	使1个友方获得：战斗开始时，对2个随机敌方造成8点伤害	[0]	2	1	1				
302283	火攻	六	6	302283	huogong	使1个友方获得：战斗开始时，对3个随机敌方造成8点伤害	[0]	2	1	1				
302291	李代桃僵	六	6	302291	lidaitaojiang	使1个友方吸取其右侧武将一半的攻击	[0]	2	1	1				
302301	无懈可击	六	6	302301	wuxiekeji	使1个友方获得+4/+4和御策	[0]	2	1	1				
302311	浑水摸鱼	六	6	302311	hunshuimoyu	随机获得1张等级6的武将牌	[0]	2	1	1				
302321	鸩毒	六	6	302321	zhendu	直到下回合开始，使1个友方获得鸩毒	[0]	2	1	1				
302331	草船借箭	五	5	302331	caochuanjiejian	挑选你上一个对手的一张武将牌的初始复制	[0]	2	1	1				
303011	珠联璧合	二	2	303011	zhulianbihe	挑选1张等级2的武将	[0]	3	1	0		[1]		
303012	珠联璧合	三	3	303012	zhulianbihe	挑选1张等级3的武将	[0]	3	1	0		[1]		
303013	珠联璧合	四	4	303013	zhulianbihe	挑选1张等级4的武将	[0]	3	1	0		[1]		
303014	珠联璧合	五	5	303014	zhulianbihe	挑选1张等级5的武将	[0]	3	1	0		[1]		
303015	珠联璧合	六	6	303015	zhulianbihe	挑选1张等级6的武将	[0]	3	1	0		[1]		
303021	酒	二	2	303021	jiu	使1个友方获得攻击+3	[0]	3	1	1		[1]		
303022	酒	四	4	303022	jiu	使1个友方获得攻击+8	[0]	3	1	1		[1]		
303023	酒	六	6	303023	jiu	使1个友方获得攻击+16	[0]	3	1	1		[1]		
303031	桃	二	2	303031	tao	使1个友方获得体力+3	[0]	3	1	1		[1]		
303032	桃	四	4	303032	tao	使1个友方获得体力+8	[0]	3	1	1		[1]		
303033	桃	六	6	303033	tao	使1个友方获得体力+16	[0]	3	1	1		[1]		
303041	万箭齐发	二	2	303041	wanjianqifa	下场战斗开始时，对全体敌方造成2点伤害	[0]	3	1	1	wanjian	[1]		
303042	万箭齐发	四	4	303042	wanjianqifa	下场战斗开始时，对全体敌方造成5点伤害	[0]	3	1	1	wanjian	[1]		
303043	万箭齐发	六	6	303043	wanjianqifa	下场战斗开始时，对全体敌方造成10点伤害	[0]	3	1	1	wanjian	[1]		
303051	洞烛先机	二	2	303051	dongzhuxianji	营帐升级费用-2	[0]	3	1	1		[1]		
303052	洞烛先机	四	4	303052	dongzhuxianji	营帐升级费用-4	[0]	3	1	1		[1]		
303061	金蝉脱壳	二	2	303061	jinchantuoqiao	使营帐1个武将变化为等级+1的武将	[0]	3	1	1		[1]		
303062	金蝉脱壳	四	4	303062	jinchantuoqiao	使营帐所有武将变为等级+1的武将	[0]	3	1	1		[1]		
303071	先驱	二	2	303071	xianqu	获得1虎符	[0]	3	1	1		[1]		
303072	先驱	四	4	303072	xianqu	获得3虎符	[0]	3	1	1		[1]		
303081	调虎离山	三	3	303081	diaohulishan	将场上1个友方武将置入手牌	[0]	3	1	1				
303091	过河拆桥	三	3	303091	guohechaiqiao	移除场上或营帐的1个武将，使全体友方获得+1/+1	[0]	3	1	1				
303092	过河拆桥	五	5	303092	guohechaiqiao	移除场上或营帐的1个武将，使全体友方获得+3/+3	[0]	3	1	1				
303101	苦肉计	三	3	303101	kurouji	使1个友方获得：战斗开始时，对自身造成1点伤害，永久获得+2/+2	[0]	3	1	1		[1]		
303102	苦肉计	五	5	303102	kurouji	使1个友方获得：战斗开始时，对自身造成1点伤害，永久获得+4/+4	[0]	3	1	1		[1]		
303111	乐不思蜀	三	3	303111	lebusishu	下场战斗开始时，使攻击最高的敌方无法攻击	[0]	3	1	1	lebusishu	[1]		
303121	抛砖引玉	三	3	303121	paozhuanyinyu	选择1个友方，使营帐刷新出相同势力的武将	[0]	3	1	1				
303131	顺手牵羊	三	3	303131	shunshouqianyang	随机获得当前营帐的1张牌	[0]	3	1	1		[1]		
303132	顺手牵羊	五	5	303132	shunshouqianyang	随机获得当前营帐的2张牌	[0]	3	1	1		[1]		
303141	偷梁换柱	三	3	303141	toulianghuanzhu	选择1个等级不高于2的友方，下回合获得该武将的1张初始复制	[0]	3	1	1	toulianghuanzhu	[1]		
303142	偷梁换柱	五	5	303142	toulianghuanzhu	选择1个等级不高于4的友方，下回合获得该武将的1张初始复制	[0]	3	1	1	toulianghuanzhu	[1]		
303151	望梅止渴	三	3	303151	wangmeizhike	下场战斗开始时，全体友方获得+3/+3	[0]	3	1	1	wangmei	[1]		
303152	望梅止渴	五	5	303152	wangmeizhike	下场战斗开始时，全体友方获得+5/+5	[0]	3	1	1	wangmei	[1]		
303161	无中生有	三	3	303161	wuzhongshengyou	随机获得2张等级1~2的武将	[0]	3	1	1		[1]		
303162	无中生有	五	5	303162	wuzhongshengyou	随机获得2张等级3~4的武将	[0]	3	1	1		[1]		
303171	以逸待劳	三	3	303171	yiyidailao	使1个友方获得无法攻击和+2/+2	[0]	3	1	1		[1]		
303172	以逸待劳	五	5	303172	yiyidailao	使1个友方获得无法攻击和+6/+6	[0]	3	1	1		[1]		
303181	斗转星移	四	4	303181	douzhuanxingyi	移除1个友方，下次招募的武将获得其属性值	[0]	3	1	1				
303191	火攻	四	4	303191	huogong	使1个友方获得：攻击时，对3个随机敌方造成3点伤害	[0]	3	1	1		[1]		
303192	火攻	六	6	303192	huogong	使1个友方获得：攻击时，对3个随机敌方造成8点伤害	[0]	3	1	1		[1]		
303201	解甲归田	四	4	303201	xiejiaguitian	挑选1张当前营帐等级的武将，然后选择一件装备移除	[0]	3	1	1				
303211	决斗	四	4	303211	juedou	使1个友方获得：攻击时，先对目标造成4点伤害	[0]	3	1	1		[1]		
303212	决斗	六	6	303212	juedou	使1个友方获得：攻击时，先对目标造成8点伤害2次	[0]	3	1	1		[1]		
303221	南蛮入侵	四	4	303221	nanmanruqin	下场战斗开始时，使全体敌方获得攻击-6	[0]	3	1	1	nanman	[1]		
303231	三顾茅庐	四	4	303231	sangumaolu	挑选1张等级5的武将，三轮后获得	[0]	3	1	1	sangumaolu	[1]		
303241	闪电	四	4	303241	shandian	唯一效果。下场战斗开始时，你进行判定：50%几率对场上随机1个武将造成999点伤害	[0]	3	1	1	shandian			
303251	桃园结义	四	4	303251	taoyuanjieyi	使全体友方获得体力+4	[0]	3	1	1		[1]		
303261	五谷丰登	四	4	303261	wugufengdeng	使全体友方获得+2/+2	[0]	3	1	1		[1]		
303262	五谷丰登	六	6	303262	wugufengdeng	使全体友方获得+4/+4	[0]	3	1	1		[1]		
303271	草船借箭	五	5	303271	caochuanjiejian	挑选你上个对手的1个武将，获得其1张初始复制	[0]	3	1	1		[1]		
303281	联军盛宴	五	5	303281	lianjunshengyan	场上每有1个金色友方，获得2虎符	[0]	3	1	1		[1]		
303291	美人计	五	5	303291	meirenji	选择营帐1个男性武将，获得该武将的1张初始复制	[0]	3	1	1		[1]		
303301	撒豆成兵	五	5	303301	sadouchengbing	用随机武将填满你的上阵区域	[0]	3	1	1		[1]		
303311	三十六计	五	5	303311	sanshiliuji	挑选1张当前营帐等级的锦囊	[0]	3	1	1		[1]		
303321	树上开花	五	5	303321	shushangkaihua	唯一效果。本回合你每刷新2次营帐，下次刷新不消耗虎符	[0]	3	1	1		[1]		
303331	远交近攻	五	5	303331	yuanjiaojingong	下个招募阶段，其他所有存活玩家各获得1虎符，你获得5虎符	[0]	3	1	1	yuanjiaojingong	[1]		
303341	兵贵神速	六	6	303341	bingguishensu	接下来的7秒内，你刷新营帐不消耗虎符	[0]	3	1	1		[1]		
303351	釜底抽薪	六	6	303351	fudichouxin	唯一效果。选择1个势力，本回合营帐不会刷新该势力的武将	[0]	3	1	1				
303361	关门捉贼	六	6	303361	guanmenzhuozei	本回合招募结束时，获得营帐所有被锁定的牌	[0]	3	1	1	guanmenzhuozei	[1]		
303371	浑水摸鱼	六	6	303371	hunshuimoyu	随机获得2张等级5的武将或锦囊	[0]	3	1	1		[1]		
303381	借刀杀人	六	6	303381	jiedao	使1个友方吸取其右侧武将一半的攻击	[0]	3	1	1		[1]		
303391	借尸还魂	六	6	303391	jieshihuanhun	挑选最近淘汰的玩家1个武将，获得其1张复制（保留所有效果）	[0]	3	1	1		[1]		
303401	瞒天过海	六	6	303401	mantianguohai	触发所有友方招募结束时效果1次	[0]	3	1	1		[1]		
303411	擒贼擒王	六	6	303411	qinzeiqinwang	下场战斗开始时，使攻击最高的敌方武将攻击减半	[0]	3	1	1	qinzeiqinwang	[1]		
303421	随机应变	六	6	303421	suijiyingbian	使用其他锦囊后变化：视为你使用的上一张锦囊	[0]	3	1	1		[1]		
303431	天降神兵	六	6	303431	tianjiangshenbing	挑选1个装备，替换原有装备	[0]	3	1	1				
303441	无懈可击	六	6	303441	wuxiekeji	使1个友方获得+4/+4和御策	[0]	3	1	1		[1]		
303451	鸩毒	六	6	303451	zhendu	直到下回合开始，使1个友方获得鸩毒	[0]	3	1	1				
304011	珠联璧合	二	2	303011	zhulianbihe	挑选1张等级2的武将	[0]	4	1	0		[1]		
304012	珠联璧合	三	3	303012	zhulianbihe	挑选1张等级3的武将	[0]	4	1	0		[1]		
304013	珠联璧合	四	4	303013	zhulianbihe	挑选1张等级4的武将	[0]	4	1	0		[1]		
304014	珠联璧合	五	5	303014	zhulianbihe	挑选1张等级5的武将	[0]	4	1	0		[1]		
304015	珠联璧合	六	6	303015	zhulianbihe	挑选1张等级6的武将	[0]	4	1	0		[1]		
304021	酒	二	2	303021	jiu	使1个友方攻击力+3	[0]	4	1	1		[1]		
304022	酒	四	4	303022	jiu	使1个友方攻击力+8	[0]	4	1	1		[1]		
304023	酒	六	6	303023	jiu	使1个友方攻击力+16	[0]	4	1	1		[1]		
304031	桃	二	2	303031	tao	使1个友方体力值+3	[0]	4	1	1		[1]		
304032	桃	四	4	303032	tao	使1个友方体力值+8	[0]	4	1	1		[1]		
304033	桃	六	6	303033	tao	使1个友方体力值+16	[0]	4	1	1		[1]		
304041	万箭齐发	二	2	303041	wanjianqifa	下场战斗开始时，对全体敌方造成2点伤害	[0]	4	1	1	wanjian	[1]		
304042	万箭齐发	四	4	303042	wanjianqifa	下场战斗开始时，对全体敌方造成5点伤害	[0]	4	1	1	wanjian	[1]		
304043	万箭齐发	六	6	303043	wanjianqifa	下场战斗开始时，对全体敌方造成10点伤害	[0]	4	1	1	wanjian	[1]		
304051	洞烛先机	二	2	303051	dongzhuxianji	营帐升级费用-2	[0]	4	1	1		[1]		
304052	洞烛先机	四	4	303052	dongzhuxianji	营帐升级费用-4	[0]	4	1	1		[1]		
304061	金蝉脱壳	二	2	303061	jinchantuoqiao	使营帐1个武将变化为等级+1的武将	[0]	4	1	1		[1]		
304062	金蝉脱壳	四	4	303062	jinchantuoqiao	使营帐所有武将变为等级+1的武将	[0]	4	1	1		[1]		
304071	先驱	二	2	303071	xianqu	获得1虎符	[0]	4	1	1		[1]		
304072	先驱	四	4	303072	xianqu	获得3虎符	[0]	4	1	1		[1]		
304081	调虎离山	三	3	303081	diaohulishan	将场上1个友方武将置入手牌	[0]	4	1	1				
304091	过河拆桥	三	3	303091	guohechaiqiao	移除场上或营帐的1个武将，使全体友方获得+1/+1	[0]	4	1	1				
304092	过河拆桥	五	5	303092	guohechaiqiao	移除场上或营帐的1个武将，使全体友方获得+3/+3	[0]	4	1	1				
304101	苦肉计	三	3	304101	kurouji	使1个友方获得：战斗开始时，对自身造成1点伤害，永久获得+3/+3	[0]	4	1	1		[1]		
304102	苦肉计	五	5	304102	kurouji	使1个友方获得：战斗开始时，对自身造成1点伤害，永久获得+5/+5	[0]	4	1	1		[1]		
304111	乐不思蜀	三	3	303111	lebusishu	下场战斗开始时，使攻击最高的敌方无法攻击	[0]	4	1	1	lebusishu	[1]		
304121	抛砖引玉	三	3	303121	paozhuanyinyu	选择1个友方，使营帐刷新出相同势力的武将	[0]	4	1	1				
304131	顺手牵羊	三	3	303131	shunshouqianyang	随机获得当前营帐的1张牌	[0]	4	1	1		[1]		
304132	顺手牵羊	五	5	303132	shunshouqianyang	随机获得当前营帐的2张牌	[0]	4	1	1		[1]		
304141	偷梁换柱	三	3	303141	toulianghuanzhu	选择1个等级不高于2的友方，下回合获得该武将的1张初始复制	[0]	4	1	1	toulianghuanzhu	[1]		
304142	偷梁换柱	五	5	303142	toulianghuanzhu	选择1个等级不高于4的友方，下回合获得该武将的1张初始复制	[0]	4	1	1	toulianghuanzhu	[1]		
304151	望梅止渴	三	3	303151	wangmeizhike	下场战斗开始时，全体友方获得+3/+3	[0]	4	1	1	wangmei	[1]		
304152	望梅止渴	五	5	303152	wangmeizhike	下场战斗开始时，全体友方获得+5/+5	[0]	4	1	1	wangmei	[1]		
304161	无中生有	三	3	303161	wuzhongshengyou	随机获得2张等级1~2的武将	[0]	4	1	1		[1]		
304162	无中生有	五	5	303162	wuzhongshengyou	随机获得2张等级3~4的武将	[0]	4	1	1		[1]		
304171	以逸待劳	三	3	303171	yiyidailao	使1个友方获得无法攻击和+2/+2	[0]	4	1	1		[1]		
304172	以逸待劳	五	5	303172	yiyidailao	使1个友方获得无法攻击和+6/+6	[0]	4	1	1		[1]		
304181	斗转星移	四	4	303181	douzhuanxingyi	移除1个友方，下次招募的武将获得其属性值	[0]	4	1	1				
304191	火攻	四	4	303191	huogong	使1个友方获得：攻击时，对3个随机敌方造成3点伤害	[0]	4	1	1		[1]		
304192	火攻	六	6	303192	huogong	使1个友方获得：攻击时，对3个随机敌方造成8点伤害	[0]	4	1	1		[1]		
304201	解甲归田	四	4	303201	xiejiaguitian	挑选1张当前营帐等级的武将，然后选择一件装备移除	[0]	4	1	1				
304211	决斗	四	4	303211	juedou	使1个友方获得：攻击时，先对目标造成4点伤害	[0]	4	1	1		[1]		
304212	决斗	六	6	303212	juedou	使1个友方获得：攻击时，先对目标造成8点伤害2次	[0]	4	1	1		[1]		
304221	南蛮入侵	四	4	303221	nanmanruqin	下场战斗开始时，使全体敌方攻击力-6	[0]	4	1	1	nanman	[1]		
304231	三顾茅庐	三	3	304231	sangumaolu	挑选1张等级5的武将，三轮后获得	[0]	4	1	1	sangumaolu	[1]		
304241	闪电	四	4	303241	shandian	唯一效果。下场战斗开始时，你进行判定：50%几率对场上随机1个武将造成999点伤害	[0]	4	1	1	shandian			
304251	桃园结义	四	4	303251	taoyuanjieyi	使全体友方体力值+4	[0]	4	1	1		[1]		
304261	五谷丰登	四	4	303261	wugufengdeng	使全体友方获得+2/+2	[0]	4	1	1		[1]		
304262	五谷丰登	六	6	303262	wugufengdeng	使全体友方获得+4/+4	[0]	4	1	1		[1]		
304271	草船借箭	五	5	303271	caochuanjiejian	挑选你上个对手的1个武将，获得其1张初始复制	[0]	4	1	1		[1]		
304281	联军盛宴	五	5	303281	lianjunshengyan	场上每有1个金色友方，获得2虎符	[0]	4	1	1		[1]		
304291	美人计	五	5	303291	meirenji	选择营帐1个男性武将，获得该武将的1张初始复制	[0]	4	1	1		[1]		
304301	撒豆成兵	五	5	303301	sadouchengbing	用随机武将填满你的上阵区域	[0]	4	1	1		[1]		
304311	三十六计	五	5	303311	sanshiliuji	挑选1张当前营帐等级的锦囊	[0]	4	1	1		[1]		
304321	树上开花	五	5	303321	shushangkaihua	唯一效果。本回合你每刷新2次营帐，下次刷新不消耗虎符	[0]	4	1	1		[1]		
304331	远交近攻	五	5	303331	yuanjiaojingong	下个招募阶段，其他所有存活玩家各获得1虎符，你获得5虎符	[0]	4	1	1	yuanjiaojingong	[1]		
304341	兵贵神速	六	6	304341	bingguishensu	接下来的10秒内，你刷新营帐不消耗虎符	[0]	4	1	1		[1]		
304351	釜底抽薪	六	6	303351	fudichouxin	唯一效果。选择1个势力，本回合营帐不会刷新该势力的武将	[0]	4	1	1				
304361	关门捉贼	六	6	303361	guanmenzhuozei	本回合招募结束时，获得营帐所有被锁定的牌	[0]	4	1	1	guanmenzhuozei	[1]		
304371	浑水摸鱼	六	6	303371	hunshuimoyu	随机获得2张等级5的武将或锦囊	[0]	4	1	1		[1]		
304381	借刀杀人	六	6	303381	jiedao	使1个友方吸取其右侧武将一半的攻击力	[0]	4	1	1		[1]		
304391	借尸还魂	六	6	303391	jieshihuanhun	挑选最近淘汰的玩家1个武将，获得其1张复制（保留所有效果）	[0]	4	1	1		[1]		
304401	瞒天过海	六	6	303401	mantianguohai	触发所有友方招募结束时效果1次	[0]	4	1	1		[1]		
304411	擒贼擒王	六	6	303411	qinzeiqinwang	下场战斗开始时，使攻击最高的1个敌方武将攻击力减半	[0]	4	1	1	qinzeiqinwang	[1]		
304421	随机应变	六	6	303421	suijiyingbian	使用其他锦囊后变化：视为你使用的上一张锦囊	[0]	4	1	1		[1]		
304431	天降神兵	六	6	303431	tianjiangshenbing	挑选1个装备，替换原有装备	[0]	4	1	1				
304441	无懈可击	六	6	303441	wuxiekeji	使1个友方获得+4/+4和御策	[0]	4	1	1		[1]		
304451	鸩毒	六	6	303451	zhendu	直到下回合开始，使1个友方获得鸩毒	[0]	4	1	1				
305011	珠联璧合	二	2	303011	zhulianbihe	挑选1张等级2的武将	[0]	5	1	0		[1]		
305012	珠联璧合	三	3	303012	zhulianbihe	挑选1张等级3的武将	[0]	5	1	0		[1]		
305013	珠联璧合	四	4	303013	zhulianbihe	挑选1张等级4的武将	[0]	5	1	0		[1]		
305014	珠联璧合	五	5	303014	zhulianbihe	挑选1张等级5的武将	[0]	5	1	0		[1]		
305015	珠联璧合	六	6	303015	zhulianbihe	挑选1张等级6的武将	[0]	5	1	0		[1]		
305021	酒	二	2	303021	jiu	使1个友方攻击力+3	[0]	5	1	1		[1]		
305022	酒	四	4	303022	jiu	使1个友方攻击力+8	[0]	5	1	1		[1]		
305023	酒	六	6	303023	jiu	使1个友方攻击力+16	[0]	5	1	1		[1]		
305031	桃	二	2	303031	tao	使1个友方体力值+3	[0]	5	1	1		[1]		
305032	桃	四	4	303032	tao	使1个友方体力值+8	[0]	5	1	1		[1]		
305033	桃	六	6	303033	tao	使1个友方体力值+16	[0]	5	1	1		[1]		
305041	万箭齐发	二	2	303041	wanjianqifa	下场战斗开始时，对全体敌方造成2点伤害	[0]	5	1	1	wanjian	[1]		
305042	万箭齐发	四	4	303042	wanjianqifa	下场战斗开始时，对全体敌方造成5点伤害	[0]	5	1	1	wanjian	[1]		
305043	万箭齐发	六	6	303043	wanjianqifa	下场战斗开始时，对全体敌方造成10点伤害	[0]	5	1	1	wanjian	[1]		
305051	洞烛先机	二	2	303051	dongzhuxianji	营帐升级费用-2	[0]	5	1	1				
305052	洞烛先机	四	4	303052	dongzhuxianji	营帐升级费用-4	[0]	5	1	1				
305061	金蝉脱壳	二	2	303061	jinchantuoqiao	使营帐1个武将变化为等级+1的武将	[0]	5	1	1				
305062	金蝉脱壳	四	4	303062	jinchantuoqiao	使营帐所有武将变为等级+1的武将	[0]	5	1	1				
305071	先驱	二	2	303071	xianqu	获得1虎符	[0]	5	1	1		[1]		
305072	先驱	四	4	303072	xianqu	获得3虎符	[0]	5	1	1		[1]		
305081	调虎离山	三	3	303081	diaohulishan	将场上1个友方武将置入手牌	[0]	5	1	1				
305091	过河拆桥	三	3	303091	guohechaiqiao	移除场上或营帐的1个武将，使全体友方获得+1/+1	[0]	5	1	1				
305092	过河拆桥	五	5	303092	guohechaiqiao	移除场上或营帐的1个武将，使全体友方获得+3/+3	[0]	5	1	1				
305101	苦肉计	三	3	304101	kurouji	使1个友方获得：战斗开始时，对自身造成1点伤害，永久获得+3/+3	[0]	5	1	1		[1]		
305102	苦肉计	五	5	304102	kurouji	使1个友方获得：战斗开始时，对自身造成1点伤害，永久获得+5/+5	[0]	5	1	1		[1]		
305111	乐不思蜀	三	3	303111	lebusishu	下场战斗开始时，使攻击最高的敌方无法攻击	[0]	5	1	1	lebusishu	[1]		
305121	抛砖引玉	三	3	303121	paozhuanyinyu	选择1个友方，使营帐刷新出相同势力的武将	[0]	5	1	1				
305131	顺手牵羊	三	3	303131	shunshouqianyang	随机获得当前营帐的1张牌	[0]	5	1	1		[1]		
305132	顺手牵羊	五	5	303132	shunshouqianyang	随机获得当前营帐的2张牌	[0]	5	1	1		[1]		
305141	偷梁换柱	三	3	303141	toulianghuanzhu	选择1个等级不高于2的友方，下回合获得该武将的1张初始复制	[0]	5	1	1	toulianghuanzhu	[1]		
305142	偷梁换柱	五	5	303142	toulianghuanzhu	选择1个等级不高于4的友方，下回合获得该武将的1张初始复制	[0]	5	1	1	toulianghuanzhu	[1]		
305151	望梅止渴	三	3	303151	wangmeizhike	下场战斗开始时，全体友方获得+3/+3	[0]	5	1	1	wangmei	[1]		
305152	望梅止渴	五	5	303152	wangmeizhike	下场战斗开始时，全体友方获得+5/+5	[0]	5	1	1	wangmei	[1]		
305161	无中生有	三	3	303161	wuzhongshengyou	随机获得2张等级1~2的武将	[0]	5	1	1		[1]		
305162	无中生有	五	5	303162	wuzhongshengyou	随机获得2张等级3~4的武将	[0]	5	1	1		[1]		
305171	以逸待劳	三	3	303171	yiyidailao	使1个友方获得无法攻击和+2/+2	[0]	5	1	1		[1]		
305172	以逸待劳	五	5	303172	yiyidailao	使1个友方获得无法攻击和+6/+6	[0]	5	1	1		[1]		
305181	斗转星移	四	4	303181	douzhuanxingyi	移除1个友方，下次招募的武将获得其属性值	[0]	5	1	1				
305191	火攻	四	4	303191	huogong	使1个友方获得：攻击时，对2个随机敌方造成3点伤害	[0]	5	1	1		[1]		
305192	火攻	六	6	303192	huogong	使1个友方获得：攻击时，对3个随机敌方造成4点伤害	[0]	5	1	1		[1]		
305201	解甲归田	四	4	303201	xiejiaguitian	挑选1张当前营帐等级的武将，然后选择一件装备移除	[0]	5	1	1				
305211	决斗	三	3	303211	juedou	使1个友方获得：攻击时，先对目标造成4点伤害	[0]	5	1	1		[1]		
305212	决斗	五	5	303212	juedou	使1个友方获得：攻击时，先对目标造成4点伤害2次	[0]	5	1	1		[1]		
305221	南蛮入侵	四	4	303221	nanmanruqin	下场战斗开始时，使全体敌方攻击力-6	[0]	5	1	1	nanman	[1]		
305231	三顾茅庐	三	3	304231	sangumaolu	挑选1张等级5的武将，三轮后获得	[0]	5	1	1	sangumaolu	[1]		
305241	闪电	四	4	303241	shandian	唯一效果。下场战斗开始时，你进行判定：50%几率对场上随机1个武将造成999点伤害	[0]	5	1	1	shandian			
305251	桃园结义	四	4	303251	taoyuanjieyi	使全体友方体力值+4	[0]	5	1	1		[1]		
305261	五谷丰登	四	4	303261	wugufengdeng	使全体友方获得+2/+2	[0]	5	1	1		[1]		
305262	五谷丰登	六	6	303262	wugufengdeng	使全体友方获得+4/+4	[0]	5	1	1		[1]		
305271	草船借箭	五	5	303271	caochuanjiejian	挑选你上个对手的1个武将，获得其1张初始复制	[0]	5	1	1		[1]		
305281	联军盛宴	五	5	303281	lianjunshengyan	场上每有1个金色友方，获得2虎符	[0]	5	1	1				
305291	美人计	五	5	303291	meirenji	选择营帐1个男性武将，获得该武将的1张初始复制	[0]	5	1	1		[1]		
305301	撒豆成兵	五	5	303301	sadouchengbing	用随机武将填满你的上阵区域	[0]	5	1	1				
305311	三十六计	五	5	303311	sanshiliuji	挑选1张当前营帐等级的锦囊	[0]	5	1	1		[1]		
305321	树上开花	五	5	303321	shushangkaihua	唯一效果。本回合你每刷新2次营帐，下次刷新不消耗虎符	[0]	5	1	1		[1]		
305331	远交近攻	五	5	303331	yuanjiaojingong	下个招募阶段，其他所有存活玩家各获得1虎符，你获得5虎符	[0]	5	1	1	yuanjiaojingong	[1]		
305341	兵贵神速	六	6	304341	bingguishensu	接下来的10秒内，你刷新营帐不消耗虎符	[0]	5	1	1		[1]		
305351	釜底抽薪	六	6	303351	fudichouxin	唯一效果。选择1个势力，本回合营帐不会刷新该势力的武将	[0]	5	1	1				
305361	关门捉贼	六	6	303361	guanmenzhuozei	本回合招募结束时，获得营帐所有被锁定的牌	[0]	5	1	1	guanmenzhuozei	[1]		
305371	浑水摸鱼	六	6	303371	hunshuimoyu	随机获得2张等级5的武将或锦囊	[0]	5	1	1		[1]		
305381	借刀杀人	六	6	303381	jiedao	使1个友方吸取其右侧武将一半的攻击力	[0]	5	1	1		[1]		
305391	借尸还魂	六	6	303391	jieshihuanhun	挑选最近淘汰的玩家1个武将，获得其1张复制（保留所有效果）	[0]	5	1	1		[1]		
305401	瞒天过海	六	6	303401	mantianguohai	触发所有友方招募结束时效果1次	[0]	5	1	1		[1]		
305411	擒贼擒王	六	6	303411	qinzeiqinwang	下场战斗开始时，使攻击最高的1个敌方武将攻击力减半	[0]	5	1	1	qinzeiqinwang	[1]		
305421	随机应变	六	6	303421	suijiyingbian	使用其他锦囊后变化：视为你使用的上一张锦囊	[0]	5	1	1		[1]		
305431	天降神兵	六	6	303431	tianjiangshenbing	挑选1个装备，替换原有装备	[0]	5	1	1				
305441	无懈可击	六	6	303441	wuxiekeji	使1个友方获得+4/+4和御策	[0]	5	1	1		[1]		
305451	鸩毒	六	6	303451	zhendu	直到下回合开始，使1个友方获得鸩毒	[0]	5	1	1				
306001	兵贵神速	六	6	304341	bingguishensu	接下来的10s内，你刷新营帐不消耗虎符	[0]	6	1	1		[1]		
306002	草船借箭	五	5	303271	caochuanjiejian	挑选你上个对手的1个武将，获得1张基础复制	[0]	6	1	1		[1]		
306003	调虎离山	四	4	303081	diaohulishan	将场上1个友方武将置入手牌	[0]	6	1	1		[1]		
306004	洞烛先机	二	2	303051	dongzhuxianji	营帐升级费用-2	[0]	6	1	1		[1]		
306005	洞烛先机	三	3	306005	dongzhuxianji	营帐升级费用-3	[0]	6	1	1		[1]		
306006	洞烛先机	四	4	303052	dongzhuxianji	营帐升级费用-4	[0]	6	1	1		[1]		
306007	斗转星移	四	4	306007	douzhuanxingyi	选择1个友方，将其属性值转移给最左侧友方后移除	[0]	6	1	1				
306008	浮雷	四	4	306008	fulei	使1个友方受到伤害时，进行判定：50%几率对随机敌方造成5点伤害	[0]	6	1	1		[1]		
306009	釜底抽薪	六	6	303351	fudichouxin	唯一效果。选择1个势力，本回合营帐不会刷新该势力的武将	[0]	6	1	1				
306010	关门捉贼	六	6	306010	guanmenzhuozei	获得营帐中的所有武将	[0]	6	0	0		[1]		
306011	过河拆桥	三	3	306011	guohechaiqiao	移除场上或营帐中的1个武将，使全体友方获得+2/+1	[0]	6	1	1				
306012	过河拆桥	五	5	306012	guohechaiqiao	移除场上或营帐中的1个武将，使全体友方获得+3/+2	[0]	6	1	1				
306013	浑水摸鱼	六	6	303371	hunshuimoyu	随机获得2张等级5的武将牌或锦囊牌	[0]	6	1	1		[1]		
306014	火攻	四	4	303191	huogong	使1个友方攻击时，对2个随机敌方造成3点伤害	[0]	6	1	1		[1]		
306015	火攻	六	6	303192	huogong	使1个友方攻击时，对3个随机敌方造成4点伤害	[0]	6	1	1		[1]		
306016	火上浇油	三	3	306016	huoshangjiaoyou	使1个友方造成的伤害+1，并获得+1/+1	[0]	6	1	1		[1]		
306017	火上浇油	五	5	306017	huoshangjiaoyou	使1个友方造成的伤害+2，并获得+2/+2	[0]	6	1	1		[1]		
306018	借刀杀人	六	6	306018	jiedao	唯一效果。下场战斗开始时，对随机敌方造成最左侧敌方攻击力的伤害	[0]	6	1	1		[1]		
306019	借尸还魂	六	6	303391	jieshihuanhun	挑选最近淘汰的玩家场上的1个武将，保留所有强化效果	[0]	6	1	1		[1]		
306020	金蝉脱壳	二	2	306020	jinchantuoqiao	使营帐中的1个武将变化为随机等级+1的武将，并使其获得+1/+1	[0]	6	1	1		[1]		
306021	金蝉脱壳	四	4	303062	jinchantuoqiao	使营帐中的所有武将变为等级+1的武将	[0]	6	1	1		[1]		
306022	酒	二	2	306022	jiu	使1个友方攻击力+4	[0]	6	1	1		[1]		
306023	酒	三	3	306023	jiu	使1个友方攻击力+8	[0]	6	1	1		[1]		
306024	酒	四	4	306024	jiu	使1个友方攻击力+12	[0]	6	1	1		[1]		
306025	酒	五	5	306025	jiu	使1个友方攻击力+16	[0]	6	1	1		[1]		
306026	酒	六	6	306026	jiu	使1个友方攻击力+24	[0]	6	1	1		[1]		
306027	决斗	三	3	303211	juedou	使1个友方攻击时，先对目标造成4点伤害	[0]	6	1	1		[1]	1	
306028	决斗	五	5	303212	juedou	使1个友方攻击时，先对目标造成4点伤害2次	[0]	6	1	1		[1]	2	
306029	苦肉计	三	3	304101	kurouji	使1个友方战斗开始时，对自身造成1点伤害，永久获得+3/+3	[0]	6	0	0		[1]		
306030	苦肉计	五	5	304102	kurouji	使1个友方战斗开始时，对自身造成1点伤害，永久获得+5/+5	[0]	6	0	0		[1]		
306031	乐不思蜀	四	4	303111	lebusishu	下场战斗开始时，使攻击力最高的敌方无法攻击	[0]	6	1	1	lebusishu	[1]		
306032	联军盛宴	六	6	303281	lianjunshengyan	场上每有1个金色友方，获得2虎符	[0]	6	1	1		[1]		
306033	瞒天过海	六	6	303401	mantianguohai	触发所有友方的招募结束效果1次	[0]	6	1	1		[1]		
306034	美人计	五	5	303291	meirenji	选择营帐中的1个男性武将，获得1张基础复制	[0]	6	1	1		[1]		
306035	南蛮入侵	二	2	306035	nanmanruqin	使本局营帐中的武将永久获得+1/+1	[0]	6	1	1		[1]		
306036	南蛮入侵	四	4	306036	nanmanruqin	使本局营帐中的武将永久获得+3/+3	[0]	6	1	1		[1]		
306037	抛砖引玉	四	4	303121	paozhuanyinyu	选择1个友方，使营帐刷新出相同势力的武将	[0]	6	1	1		[1]		
306038	破釜沉舟	六	6	306038	pofuchenzhou	对主公造成1点伤害，使1个友方获得+1/+1（主公每损失2点体力额外+1/+1）	[0]	6	1	1		[1]		
306039	破阵溃敌	三	3	306039	pozhenkuidi	使1个友方获得破军：永久获得+2/+1	[0]	6	1	1		[1]		
306040	破阵溃敌	五	5	306040	pozhenkuidi	使1个友方获得破军：永久获得+4/+3	[0]	6	1	1		[1]		
306041	齐心并力	三	3	306041	qixinbingli	使全体友方攻击力+3	[0]	6	1	1		[1]		
306042	齐心并力	四	4	306042	qixinbingli	使全体友方攻击力+4	[0]	6	1	1		[1]		
306043	齐心并力	五	5	306043	qixinbingli	使全体友方攻击力+5	[0]	6	1	1		[1]		
306044	擒贼擒王	六	6	306044	qinzeiqinwang	下场战斗开始时，使体力值最高的敌方武将体力值减半	[0]	6	1	1	qinzeiqinwang	[1]		
306045	撒豆成兵	五	5	303301	sadouchengbing	用随机武将填满你的上阵区域	[0]	6	1	1				
306046	三顾茅庐	三	3	304231	sangumaolu	挑选1张等级5的武将牌，3轮后获得	[0]	6	1	1	sangumaolu	[1]		
306047	三十六计	五	5	303311	sanshiliuji	挑选1张当前营帐等级的锦囊牌	[0]	6	1	1		[1]		
306048	闪电	五	5	303241	shandian	唯一效果。下场战斗开始时，你进行判定：50%几率对场上1个随机武将造成999点伤害	[0]	6	1	1	shandian			
306049	树上开花	五	5	303321	shushangkaihua	唯一效果。本回合你每刷新2次营帐，下次刷新不消耗虎符	[0]	6	1	1		[1]		
306050	顺手牵羊	三	3	303131	shunshouqianyang	随机获得当前营帐中的1张牌	[0]	6	1	1		[1]		
306051	顺手牵羊	五	5	303132	shunshouqianyang	随机获得当前营帐中的2张牌	[0]	6	1	1		[1]		
306052	随机应变	六	6	303421	suijiyingbian	使用其他锦囊牌后，变为使用的上一张锦囊牌	[0]	6	1	1		[1]		
306053	桃	二	2	306053	tao	使1个友方体力值+4	[0]	6	1	1		[1]		
306054	桃	三	3	306054	tao	使1个友方体力值+8	[0]	6	1	1		[1]		
306055	桃	四	4	306055	tao	使1个友方体力值+12	[0]	6	1	1		[1]		
306056	桃	五	5	306056	tao	使1个友方体力值+16	[0]	6	1	1		[1]		
306057	桃	六	6	306057	tao	使1个友方体力值+24	[0]	6	1	1		[1]		
306058	桃园结义	三	3	306058	taoyuanjieyi	使全体友方体力值+3	[0]	6	1	1		[1]		
306059	桃园结义	四	4	303251	taoyuanjieyi	使全体友方体力值+4	[0]	6	1	1		[1]		
306060	桃园结义	五	5	306060	taoyuanjieyi	使全体友方体力值+5	[0]	6	1	1		[1]		
306061	天降神兵	五	5	303431	tianjiangshenbing	挑选1个新装备替换现有装备	[0]	6	1	1				
306062	偷梁换柱	四	4	306062	toulianghuanzhu	选择1个等级不高于2的友方，获得1张基础复制	[0]	6	1	1		[1]		
306063	偷梁换柱	六	6	306063	toulianghuanzhu	选择1个等级不高于4的友方，获得1张基础复制	[0]	6	1	1		[1]		
306064	屯粮	二	2	306064	tunliang	使1个友方招募结束时，永久获得+1/+1	[0]	6	1	1		[1]		
306065	屯粮	四	4	306065	tunliang	使1个友方招募结束时，永久获得+3/+3	[0]	6	1	1		[1]		
306066	万箭齐发	六	6	303043	wanjianqifa	下场战斗开始时，对全体敌方造成10点伤害	[0]	6	1	1	wanjian	[1]		
306067	望梅止渴	六	6	306067	wangmeizhike	获得5虎符，下回合少获得3虎符	[0]	6	1	1	wangmei	[1]		
306068	无懈可击	六	6	303441	wuxiekeji	使1个友方获得御策和+4/+4	[0]	6	1	1		[1]		
306069	无中生有	三	3	303161	wuzhongshengyou	获得2张等级1~2的随机武将牌	[0]	6	1	1		[1]		
306070	无中生有	五	5	303162	wuzhongshengyou	获得2张等级3~4的随机武将牌	[0]	6	1	1		[1]		
306071	五谷丰登	六	6	303262	wugufengdeng	使全体友方获得+4/+4	[0]	6	1	1		[1]		
306072	先驱	二	2	303071	xianqu	获得1虎符	[0]	6	1	1		[1]		
306073	先驱	三	3	306073	xianqu	获得2虎符	[0]	6	1	1		[1]		
306074	先驱	四	4	303072	xianqu	获得3虎符	[0]	6	1	1		[1]		
306075	一马当先	四	4	306075	yimadangxian	使1个友方获得马术：永久获得+3/+2	[0]	6	1	1				
306076	以逸待劳	五	5	303172	yiyidailao	使1个友方获得无法攻击和+6/+6	[0]	6	1	1		[1]		
306077	援军	三	3	306077	yuanjun	选择1个友方，获得1张相同势力的随机武将牌	[0]	6	1	1		[1]		
306078	援军	五	5	306078	yuanjun	选择1个友方，获得2张相同势力的随机武将牌	[0]	6	1	1		[1]		
306079	远交近攻	五	5	303331	yuanjiaojingong	下个回合你获得5虎符，其他所有存活玩家各获得1虎符	[0]	6	1	1	yuanjiaojingong	[1]		
306080	增兵减灶	四	4	303201	zengbingjianzao	挑选1张当前营帐等级的武将牌，然后选择一件装备移除	[0]	6	1	1				
306081	鸩毒	六	6	303451	zhendu	使1个友方获得仅限本回合的鸩毒	[0]	6	1	1		[1]		
306082	至死方休	六	6	306082	zhisifangxiu	使1个友方造成的伤害+3，并获得遗计：随机造成3点伤害	[0]	6	1	1		[1]		
306083	珠联璧合	二	2	303011	zhulianbihe	挑选1张等级2的武将牌	[0]	6	0	0		[1]		
306084	珠联璧合	三	3	303012	zhulianbihe	挑选1张等级3的武将牌	[0]	6	0	0		[1]		
306085	珠联璧合	四	4	303013	zhulianbihe	挑选1张等级4的武将牌	[0]	6	0	0		[1]		
306086	珠联璧合	五	5	303014	zhulianbihe	挑选1张等级5的武将牌	[0]	6	0	0		[1]		
306087	珠联璧合	六	6	303015	zhulianbihe	挑选1张等级6的武将牌	[0]	6	0	0		[1]		
306088	风调雨顺	六	6	306088	houyijinnang	使一个友方获得仅限本回合的御策和咆哮，并获得招募结束时，使全体友方获得+10/+10	[0]	6	0	0				1
306089	云行雨施	六	6	306089	houyijinnang	使一个友方获得仅限本回合的御策和咆哮，并获得攻击时，使全体友方永久获得+15/+15	[0]	6	0	0				1
306090	海晏河清	六	6	306090	houyijinnang	使一个友方获得仅限本回合的御策和咆哮，并获得战斗开始时，使全体友方永久获得+30/+30	[0]	6	0	0				1
306091	苦肉计	四	4	306091	kurouji	使1个友方战斗开始时，对自身造成1点伤害，永久获得+4/+3	[0]	6	1	1		[1]		
307001	兵贵神速	六	6	304341	bingguishensu	接下来的10s内，你刷新营帐不消耗虎符	[0]	7	1	1		[1]		
307002	草船借箭	五	5	303271	caochuanjiejian	挑选你上个对手的1个武将，获得1张基础复制	[0]	7	1	1		[1]		
307003	调虎离山	四	4	303081	diaohulishan	将场上1个友方武将置入手牌	[0]	7	1	1		[1]		
307004	洞烛先机	二	2	303051	dongzhuxianji	营帐升级费用-2	[0]	7	1	1		[1]		
307005	洞烛先机	三	3	306005	dongzhuxianji	营帐升级费用-3	[0]	7	1	1		[1]		
307006	洞烛先机	四	4	303052	dongzhuxianji	营帐升级费用-4	[0]	7	1	1		[1]		
307007	斗转星移	四	4	306007	douzhuanxingyi	选择1个友方，将其属性值转移给最左侧友方后移除	[0]	7	1	1				
307008	浮雷	四	4	306008	fulei	使1个友方受到伤害时，进行判定：50%几率对随机敌方造成5点伤害	[0]	7	1	1		[1]		
307009	釜底抽薪	六	6	303351	fudichouxin	唯一效果。选择1个势力，本回合营帐不会刷新该势力的武将	[0]	7	1	1				
307010	关门捉贼	六	6	306010	guanmenzhuozei	获得营帐中的所有武将	[0]	7	0	1		[1]		
307011	过河拆桥	三	3	306011	guohechaiqiao	移除场上或营帐中的1个武将，使全体友方获得+2/+1	[0]	7	1	1				
307012	过河拆桥	五	5	306012	guohechaiqiao	移除场上或营帐中的1个武将，使全体友方获得+3/+2	[0]	7	1	1				
307013	浑水摸鱼	六	6	303371	hunshuimoyu	随机获得2张等级5的武将牌或锦囊牌	[0]	7	1	1		[1]		
307014	火攻	四	4	303191	huogong	使1个友方攻击时，对2个随机敌方造成3点伤害	[0]	7	1	1		[1]		
307015	火攻	六	6	303192	huogong	使1个友方攻击时，对3个随机敌方造成4点伤害	[0]	7	1	1		[1]		
307016	火上浇油	三	3	306016	huoshangjiaoyou	使1个友方造成的伤害+1，并获得+1/+1	[0]	7	1	1		[1]		
307017	火上浇油	五	5	306017	huoshangjiaoyou	使1个友方造成的伤害+2，并获得+2/+2	[0]	7	1	1		[1]		
307018	借刀杀人	六	6	306018	jiedao	唯一效果。下场战斗开始时，对随机敌方造成最左侧敌方攻击力的伤害	[0]	7	1	1		[1]		
307019	借尸还魂	六	6	303391	jieshihuanhun	挑选最近淘汰的玩家场上的1个武将，保留所有强化效果	[0]	7	1	1		[1]		
307020	金蝉脱壳	二	2	306020	jinchantuoqiao	使营帐中的1个武将变化为随机等级+1的武将，并使其获得+1/+1	[0]	7	1	1		[1]		
307021	金蝉脱壳	四	4	303062	jinchantuoqiao	使营帐中的所有武将变为等级+1的武将	[0]	7	1	1		[1]		
307022	酒	二	2	306022	jiu	使1个友方攻击力+4	[0]	7	1	1		[1]		
307023	酒	三	3	306023	jiu	使1个友方攻击力+8	[0]	7	1	1		[1]		
307024	酒	四	4	306024	jiu	使1个友方攻击力+12	[0]	7	1	1		[1]		
307025	酒	五	5	306025	jiu	使1个友方攻击力+16	[0]	7	1	1		[1]		
307026	酒	六	6	306026	jiu	使1个友方攻击力+24	[0]	7	1	1		[1]		
307027	决斗	三	3	303211	juedou	使1个友方攻击时，先对目标造成4点伤害	[0]	7	1	1		[1]	1	
307028	决斗	五	5	303212	juedou	使1个友方攻击时，先对目标造成4点伤害2次	[0]	7	1	1		[1]	2	
307029	苦肉计	三	3	304101	kurouji	使1个友方战斗开始时，对自身造成1点伤害，永久获得+3/+3	[0]	7	0	1		[1]		
307030	苦肉计	五	5	304102	kurouji	使1个友方战斗开始时，对自身造成1点伤害，永久获得+5/+5	[0]	7	0	1		[1]		
307031	乐不思蜀	四	4	303111	lebusishu	下场战斗开始时，使攻击力最高的敌方无法攻击	[0]	7	1	1	lebusishu	[1]		
307032	联军盛宴	六	6	303281	lianjunshengyan	场上每有1个金色友方，获得2虎符	[0]	7	1	1		[1]		
307033	瞒天过海	六	6	303401	mantianguohai	触发所有友方的招募结束效果1次	[0]	7	1	1		[1]		
307034	美人计	五	5	303291	meirenji	选择营帐中的1个男性武将，获得1张基础复制	[0]	7	1	1		[1]		
307035	南蛮入侵	二	2	306035	nanmanruqin	使本局营帐中的武将永久获得+1/+1	[0]	7	1	1		[1]		
307036	南蛮入侵	四	4	306036	nanmanruqin	使本局营帐中的武将永久获得+3/+3	[0]	7	1	1		[1]		
307037	抛砖引玉	四	4	303121	paozhuanyinyu	选择1个友方，使营帐刷新出相同势力的武将	[0]	7	1	1		[1]		
307038	破釜沉舟	六	6	306038	pofuchenzhou	对主公造成1点伤害，使1个友方获得+1/+1（主公每损失2点体力额外+1/+1）	[0]	7	1	1		[1]		
307039	破阵溃敌	三	3	306039	pozhenkuidi	使1个友方获得破军：永久获得+2/+1	[0]	7	1	1		[1]		
307040	破阵溃敌	五	5	306040	pozhenkuidi	使1个友方获得破军：永久获得+4/+3	[0]	7	1	1		[1]		
307041	齐心并力	三	3	306041	qixinbingli	使全体友方攻击力+3	[0]	7	1	1		[1]		
307042	齐心并力	四	4	306042	qixinbingli	使全体友方攻击力+4	[0]	7	1	1		[1]		
307043	齐心并力	五	5	306043	qixinbingli	使全体友方攻击力+5	[0]	7	1	1		[1]		
307044	擒贼擒王	六	6	306044	qinzeiqinwang	下场战斗开始时，使体力值最高的敌方武将体力值减半	[0]	7	1	1	qinzeiqinwang	[1]		
307045	撒豆成兵	五	5	303301	sadouchengbing	用随机武将填满你的上阵区域	[0]	7	1	1				
307046	三顾茅庐	三	3	304231	sangumaolu	挑选1张等级5的武将牌，3轮后获得	[0]	7	1	1	sangumaolu	[1]		
307047	三十六计	五	5	303311	sanshiliuji	挑选1张当前营帐等级的锦囊牌	[0]	7	1	1		[1]		
307048	闪电	五	5	303241	shandian	唯一效果。下场战斗开始时，你进行判定：50%几率对场上1个随机武将造成999点伤害	[0]	7	1	1	shandian			
307049	树上开花	五	5	303321	shushangkaihua	唯一效果。本回合你每刷新2次营帐，下次刷新不消耗虎符	[0]	7	1	1		[1]		
307050	顺手牵羊	三	3	303131	shunshouqianyang	随机获得当前营帐中的1张牌	[0]	7	1	1		[1]		
307051	顺手牵羊	五	5	303132	shunshouqianyang	随机获得当前营帐中的2张牌	[0]	7	1	1		[1]		
307052	随机应变	六	6	303421	suijiyingbian	使用其他锦囊牌后，变为使用的上一张锦囊牌	[0]	7	1	1		[1]		
307053	桃	二	2	306053	tao	使1个友方体力值+4	[0]	7	1	1		[1]		
307054	桃	三	3	306054	tao	使1个友方体力值+8	[0]	7	1	1		[1]		
307055	桃	四	4	306055	tao	使1个友方体力值+12	[0]	7	1	1		[1]		
307056	桃	五	5	306056	tao	使1个友方体力值+16	[0]	7	1	1		[1]		
307057	桃	六	6	306057	tao	使1个友方体力值+24	[0]	7	1	1		[1]		
307058	桃园结义	三	3	306058	taoyuanjieyi	使全体友方体力值+3	[0]	7	1	1		[1]		
307059	桃园结义	四	4	303251	taoyuanjieyi	使全体友方体力值+4	[0]	7	1	1		[1]		
307060	桃园结义	五	5	306060	taoyuanjieyi	使全体友方体力值+5	[0]	7	1	1		[1]		
307061	天降神兵	五	5	303431	tianjiangshenbing	挑选1个新装备替换现有装备	[0]	7	1	1				
307062	偷梁换柱	四	4	306062	toulianghuanzhu	选择1个等级不高于2的友方，获得1张基础复制	[0]	7	1	1		[1]		
307063	偷梁换柱	六	6	306063	toulianghuanzhu	选择1个等级不高于4的友方，获得1张基础复制	[0]	7	1	1		[1]		
307064	屯粮	二	2	306064	tunliang	使1个友方招募结束时，永久获得+1/+1	[0]	7	1	1		[1]		
307065	屯粮	四	4	306065	tunliang	使1个友方招募结束时，永久获得+3/+3	[0]	7	1	1		[1]		
307066	万箭齐发	六	6	303043	wanjianqifa	下场战斗开始时，对全体敌方造成10点伤害	[0]	7	1	1	wanjian	[1]		
307067	望梅止渴	六	6	306067	wangmeizhike	获得5虎符，下回合少获得3虎符	[0]	7	1	1	wangmei	[1]		
307068	无懈可击	六	6	303441	wuxiekeji	使1个友方获得御策和+4/+4	[0]	7	1	1		[1]		
307069	无中生有	三	3	303161	wuzhongshengyou	获得2张等级1~2的随机武将牌	[0]	7	1	1		[1]		
307070	无中生有	五	5	303162	wuzhongshengyou	获得2张等级3~4的随机武将牌	[0]	7	1	1		[1]		
307071	五谷丰登	六	6	303262	wugufengdeng	使全体友方获得+4/+4	[0]	7	1	1		[1]		
307072	先驱	二	2	303071	xianqu	获得1虎符	[0]	7	1	1		[1]		
307073	先驱	三	3	306073	xianqu	获得2虎符	[0]	7	1	1		[1]		
307074	先驱	四	4	303072	xianqu	获得3虎符	[0]	7	1	1		[1]		
307075	一马当先	四	4	306075	yimadangxian	使1个友方获得马术：永久获得+3/+2	[0]	7	1	1				
307076	以逸待劳	五	5	303172	yiyidailao	使1个友方获得无法攻击和+6/+6	[0]	7	1	1		[1]		
307077	援军	三	3	306077	yuanjun	选择1个友方，获得1张相同势力的随机武将牌	[0]	7	1	1		[1]		
307078	援军	五	5	306078	yuanjun	选择1个友方，获得2张相同势力的随机武将牌	[0]	7	1	1		[1]		
307079	远交近攻	五	5	303331	yuanjiaojingong	下个回合你获得5虎符，其他所有存活玩家各获得1虎符	[0]	7	1	1	yuanjiaojingong	[1]		
307080	增兵减灶	四	4	303201	zengbingjianzao	挑选1张当前营帐等级的武将牌，然后选择一件装备移除	[0]	7	1	1				
307081	鸩毒	六	6	303451	zhendu	使1个友方获得仅限本回合的鸩毒	[0]	7	1	1		[1]		
307082	至死方休	六	6	306082	zhisifangxiu	使1个友方造成的伤害+3，并获得遗计：随机造成3点伤害	[0]	7	1	1		[1]		
307083	珠联璧合	二	2	303011	zhulianbihe	挑选1张等级2的武将牌	[0]	7	0	0		[1]		
307084	珠联璧合	三	3	303012	zhulianbihe	挑选1张等级3的武将牌	[0]	7	0	0		[1]		
307085	珠联璧合	四	4	303013	zhulianbihe	挑选1张等级4的武将牌	[0]	7	0	0		[1]		
307086	珠联璧合	五	5	303014	zhulianbihe	挑选1张等级5的武将牌	[0]	7	0	0		[1]		
307087	珠联璧合	六	6	303015	zhulianbihe	挑选1张等级6的武将牌	[0]	7	0	0		[1]		
307088	风调雨顺	六	6	306088	houyijinnang	使一个友方获得仅限本回合的御策和咆哮，并获得招募结束时，使全体友方获得+8/+8	[0]	7	0	0				1
307089	云行雨施	六	6	306089	houyijinnang	使一个友方获得仅限本回合的御策和咆哮，并获得攻击时，使全体友方永久获得+12/+12	[0]	7	0	0				1
307090	海晏河清	六	6	306090	houyijinnang	使一个友方获得仅限本回合的御策和咆哮，并获得战斗开始时，使全体友方永久获得+24/+24	[0]	7	0	0				1
307091	苦肉计	四	4	306091	kurouji	使1个友方战斗开始时，对自身造成1点伤害，永久获得+4/+3	[0]	7	1	1		[1]		
308001	兵贵神速	六	6	304341	bingguishensu	接下来的10s内，你刷新营帐不消耗虎符	[0]	8	1	1		[1]		
308002	草船借箭	五	5	303271	caochuanjiejian	挑选你上个对手的1个武将，获得1张基础复制	[0]	8	1	1		[1]		
308003	调虎离山	四	4	303081	diaohulishan	将场上1个友方武将置入手牌	[0]	8	1	1		[1]		
308004	洞烛先机	二	2	303051	dongzhuxianji	营帐升级费用-2	[0]	8	1	1		[1]		
308005	洞烛先机	三	3	306005	dongzhuxianji	营帐升级费用-3	[0]	8	1	1		[1]		
308006	洞烛先机	四	4	303052	dongzhuxianji	营帐升级费用-4	[0]	8	1	1		[1]		
308007	斗转星移	四	4	306007	douzhuanxingyi	选择1个友方，将其属性值转移给最左侧友方后移除	[0]	8	1	1				
308008	浮雷	四	4	306008	fulei	使1个友方受到伤害时，进行判定：50%几率对随机敌方造成5点伤害	[0]	8	1	1		[1]		
308009	釜底抽薪	六	6	303351	fudichouxin	唯一效果。选择1个势力，本回合营帐不会刷新该势力的武将	[0]	8	1	1				
308010	关门捉贼	六	6	306010	guanmenzhuozei	获得营帐中的所有武将	[0]	8	0	1		[1]		
308011	过河拆桥	三	3	306011	guohechaiqiao	移除场上或营帐中的1个武将，使全体友方获得+2/+1	[0]	8	1	1				
308012	过河拆桥	五	5	306012	guohechaiqiao	移除场上或营帐中的1个武将，使全体友方获得+3/+2	[0]	8	1	1				
308013	浑水摸鱼	六	6	303371	hunshuimoyu	随机获得2张等级5的武将牌或锦囊牌	[0]	8	1	1		[1]		
308014	火攻	四	4	303191	huogong	使1个友方攻击时，对2个随机敌方造成3点伤害	[0]	8	1	1		[1]		
308015	火攻	六	6	303192	huogong	使1个友方攻击时，对3个随机敌方造成4点伤害	[0]	8	1	1		[1]		
308016	火上浇油	三	3	306016	huoshangjiaoyou	使1个友方获得烈刃，并获得+1/+1	[0]	8	1	1		[1]		
308017	火上浇油	五	5	306017	huoshangjiaoyou	使1个友方获得烈刃*2，并获得+2/+2	[0]	8	1	1		[1]		
308018	借刀杀人	六	6	306018	jiedao	唯一效果。下场战斗开始时，对随机敌方造成最左侧敌方攻击力的伤害	[0]	8	1	1		[1]		
308019	借尸还魂	六	6	303391	jieshihuanhun	挑选最近淘汰的玩家场上的1个武将，保留所有强化效果	[0]	8	1	1		[1]		
308020	金蝉脱壳	二	2	306020	jinchantuoqiao	使营帐中的1个武将变化为随机等级+1的武将，并使其获得+1/+1	[0]	8	1	1		[1]		
308021	金蝉脱壳	四	4	303062	jinchantuoqiao	使营帐中的所有武将变为等级+1的武将	[0]	8	1	1		[1]		
308022	酒	二	2	306022	jiu	使1个友方攻击力+4	[0]	8	1	1		[1]		
308023	酒	三	3	306023	jiu	使1个友方攻击力+8	[0]	8	1	1		[1]		
308024	酒	四	4	306024	jiu	使1个友方攻击力+12	[0]	8	1	1		[1]		
308025	酒	五	5	306025	jiu	使1个友方攻击力+16	[0]	8	1	1		[1]		
308026	酒	六	6	306026	jiu	使1个友方攻击力+24	[0]	8	1	1		[1]		
308027	决斗	三	3	303211	juedou	使1个友方攻击时，对目标造成4点伤害	[0]	8	1	1		[1]	1	
308028	决斗	五	5	303212	juedou	使1个友方攻击时，对目标造成4点伤害2次	[0]	8	1	1		[1]	2	
308029	苦肉计	三	3	304101	kurouji	使1个友方战斗开始时，对自身造成1点伤害，永久获得+3/+3	[0]	8	0	1		[1]		
308030	苦肉计	五	5	304102	kurouji	使1个友方战斗开始时，对自身造成1点伤害，永久获得+5/+5	[0]	8	0	1		[1]		
308031	乐不思蜀	四	4	303111	lebusishu	下场战斗开始时，使攻击力最高的敌方无法攻击	[0]	8	1	1	lebusishu	[1]		
308032	联军盛宴	六	6	303281	lianjunshengyan	场上每有1个金色友方，获得2虎符	[0]	8	1	1		[1]		
308033	瞒天过海	六	6	303401	mantianguohai	触发所有友方的招募结束效果1次	[0]	8	1	1		[1]		
308034	美人计	五	5	303291	meirenji	选择营帐中的1个男性武将，获得1张基础复制	[0]	8	1	1		[1]		
308035	南蛮入侵	二	2	306035	nanmanruqin	使本局营帐中的武将永久获得+1/+1	[0]	8	1	1		[1]		
308036	南蛮入侵	四	4	306036	nanmanruqin	使本局营帐中的武将永久获得+3/+3	[0]	8	1	1		[1]		
308037	抛砖引玉	四	4	303121	paozhuanyinyu	选择1个友方，使营帐刷新出相同势力的武将	[0]	8	1	1		[1]		
308038	破釜沉舟	六	6	306038	pofuchenzhou	对主公造成1点伤害，使1个友方获得+1/+1（主公每损失2点体力额外+1/+1）	[0]	8	1	1		[1]		
308039	破阵溃敌	三	3	306039	pozhenkuidi	使1个友方获得破军：永久获得+2/+1	[0]	8	1	1		[1]		
308040	破阵溃敌	五	5	306040	pozhenkuidi	使1个友方获得破军：永久获得+4/+3	[0]	8	1	1		[1]		
308041	齐心并力	三	3	306041	qixinbingli	使全体友方攻击力+3	[0]	8	1	1		[1]		
308042	齐心并力	四	4	306042	qixinbingli	使全体友方攻击力+4	[0]	8	1	1		[1]		
308043	齐心并力	五	5	306043	qixinbingli	使全体友方攻击力+5	[0]	8	1	1		[1]		
308044	擒贼擒王	六	6	306044	qinzeiqinwang	下场战斗开始时，使体力值最高的敌方武将体力值减半	[0]	8	1	1	qinzeiqinwang	[1]		
308045	撒豆成兵	五	5	303301	sadouchengbing	用随机武将填满你的上阵区域	[0]	8	1	1				
308046	三顾茅庐	三	3	304231	sangumaolu	挑选1张等级5的武将牌，3轮后获得	[0]	8	1	1	sangumaolu	[1]		
308047	三十六计	五	5	303311	sanshiliuji	挑选1张当前营帐等级的锦囊牌	[0]	8	1	1		[1]		
308048	闪电	五	5	303241	shandian	唯一效果。下场战斗开始时，你进行判定：50%几率对场上1个随机武将造成999点伤害	[0]	8	1	1	shandian			
308049	树上开花	五	5	303321	shushangkaihua	唯一效果。本回合你每刷新2次营帐，下次刷新不消耗虎符	[0]	8	1	1		[1]		
308050	顺手牵羊	三	3	303131	shunshouqianyang	随机获得当前营帐中的1张牌	[0]	8	1	1		[1]		
308051	顺手牵羊	五	5	303132	shunshouqianyang	随机获得当前营帐中的2张牌	[0]	8	1	1		[1]		
308052	随机应变	六	6	303421	suijiyingbian	使用其他锦囊牌后，变为使用的上一张锦囊牌	[0]	8	1	1		[1]		
308053	桃	二	2	306053	tao	使1个友方体力值+4	[0]	8	1	1		[1]		
308054	桃	三	3	306054	tao	使1个友方体力值+8	[0]	8	1	1		[1]		
308055	桃	四	4	306055	tao	使1个友方体力值+12	[0]	8	1	1		[1]		
308056	桃	五	5	306056	tao	使1个友方体力值+16	[0]	8	1	1		[1]		
308057	桃	六	6	306057	tao	使1个友方体力值+24	[0]	8	1	1		[1]		
308058	桃园结义	三	3	306058	taoyuanjieyi	使全体友方体力值+3	[0]	8	1	1		[1]		
308059	桃园结义	四	4	303251	taoyuanjieyi	使全体友方体力值+4	[0]	8	1	1		[1]		
308060	桃园结义	五	5	306060	taoyuanjieyi	使全体友方体力值+5	[0]	8	1	1		[1]		
308061	天降神兵	五	5	303431	tianjiangshenbing	挑选1个新装备替换现有装备	[0]	8	1	1				
308062	偷梁换柱	四	4	306062	toulianghuanzhu	选择1个等级不高于2的友方，获得1张基础复制	[0]	8	1	1		[1]		
308063	偷梁换柱	六	6	306063	toulianghuanzhu	选择1个等级不高于4的友方，获得1张基础复制	[0]	8	1	1		[1]		
308064	屯粮	二	2	306064	tunliang	使1个友方招募结束时，永久获得+1/+1	[0]	8	1	1		[1]		
308065	屯粮	四	4	306065	tunliang	使1个友方招募结束时，永久获得+3/+3	[0]	8	1	1		[1]		
308066	万箭齐发	六	6	303043	wanjianqifa	下场战斗开始时，对全体敌方造成10点伤害	[0]	8	1	1	wanjian	[1]		
308067	望梅止渴	六	6	306067	wangmeizhike	获得5虎符，下回合少获得3虎符	[0]	8	1	1	wangmei	[1]		
308068	无懈可击	六	6	303441	wuxiekeji	使1个友方获得御策和+4/+4	[0]	8	1	1		[1]		
308069	无中生有	三	3	303161	wuzhongshengyou	获得2张等级1~2的随机武将牌	[0]	8	1	1		[1]		
308070	无中生有	五	5	303162	wuzhongshengyou	获得2张等级3~4的随机武将牌	[0]	8	1	1		[1]		
308071	五谷丰登	六	6	303262	wugufengdeng	使全体友方获得+4/+4	[0]	8	1	1		[1]		
308072	先驱	二	2	303071	xianqu	获得1虎符	[0]	8	1	1		[1]		
308073	先驱	三	3	306073	xianqu	获得2虎符	[0]	8	1	1		[1]		
308074	先驱	四	4	303072	xianqu	获得3虎符	[0]	8	1	1		[1]		
308075	一马当先	四	4	306092	yimadangxian	使1个友方获得冲阵：永久获得+3/+2	[0]	8	1	1				
308076	以逸待劳	五	5	303172	yiyidailao	使1个友方获得无法攻击和+6/+6	[0]	8	1	1		[1]		
308077	援军	三	3	306077	yuanjun	选择1个友方，获得1张相同势力的随机武将牌	[0]	8	1	1		[1]		
308078	援军	五	5	306078	yuanjun	选择1个友方，获得2张相同势力的随机武将牌	[0]	8	1	1		[1]		
308079	远交近攻	五	5	303331	yuanjiaojingong	下个回合你获得5虎符，其他所有存活玩家各获得1虎符	[0]	8	1	1	yuanjiaojingong	[1]		
308080	增兵减灶	四	4	303201	zengbingjianzao	挑选1张当前营帐等级的武将牌，然后选择一件装备移除	[0]	8	1	1				
308081	鸩毒	六	6	303451	zhendu	使1个友方获得仅限本回合的鸩毒	[0]	8	1	1		[1]		
308082	至死方休	六	6	306082	zhisifangxiu	使1个友方造成的伤害+3，并获得遗计：随机造成3点伤害	[0]	8	1	1		[1]		
308083	珠联璧合	二	2	303011	zhulianbihe	挑选1张等级2的武将牌	[0]	8	0	0		[1]		
308084	珠联璧合	三	3	303012	zhulianbihe	挑选1张等级3的武将牌	[0]	8	0	0		[1]		
308085	珠联璧合	四	4	303013	zhulianbihe	挑选1张等级4的武将牌	[0]	8	0	0		[1]		
308086	珠联璧合	五	5	303014	zhulianbihe	挑选1张等级5的武将牌	[0]	8	0	0		[1]		
308087	珠联璧合	六	6	303015	zhulianbihe	挑选1张等级6的武将牌	[0]	8	0	0		[1]		
308088	风调雨顺	六	6	306088	houyijinnang	使一个友方获得仅限本回合的御策和咆哮，并获得招募结束时，使全体友方获得+8/+8	[0]	8	0	0				1
308089	云行雨施	六	6	306089	houyijinnang	使一个友方获得仅限本回合的御策和咆哮，并获得攻击时，使全体友方永久获得+12/+12	[0]	8	0	0				1
308090	海晏河清	六	6	306090	houyijinnang	使一个友方获得仅限本回合的御策和咆哮，并获得战斗开始时，使全体友方永久获得+24/+24	[0]	8	0	0				1
308091	苦肉计	四	4	306091	kurouji	使1个友方战斗开始时，对自身造成1点伤害，永久获得+4/+3	[0]	8	1	1		[1]		
309001	兵贵神速	六	6	304341	bingguishensu	接下来的10s内，你刷新营帐不消耗虎符	[0]	9	1	1		[1]		
309002	草船借箭	五	5	303271	caochuanjiejian	挑选你上个对手的1个武将，获得1张基础复制	[0]	9	1	1		[1]		
309003	调虎离山	四	4	303081	diaohulishan	将场上1个友方武将置入手牌	[0]	9	1	1		[1]		
309004	洞烛先机	二	2	303051	dongzhuxianji	营帐升级费用-2	[0]	9	1	1		[1]		
309005	洞烛先机	三	3	306005	dongzhuxianji	营帐升级费用-3	[0]	9	1	1		[1]		
309006	洞烛先机	四	4	303052	dongzhuxianji	营帐升级费用-4	[0]	9	1	1		[1]		
309007	斗转星移	四	4	306007	douzhuanxingyi	选择1个友方，将其属性值转移给最左侧友方后移除	[0]	9	1	1				
309008	浮雷	四	4	306008	fulei	使1个友方受到伤害时，进行判定：50%几率对随机敌方造成5点伤害	[0]	9	1	1		[1]		
309009	釜底抽薪	六	6	303351	fudichouxin	唯一效果。选择1个势力，本回合营帐不会刷新该势力的武将	[0]	9	1	1				
309010	关门捉贼	六	6	306010	guanmenzhuozei	获得营帐中的所有武将	[0]	9	0	1		[1]		
309011	过河拆桥	三	3	306011	guohechaiqiao	移除场上或营帐中的1个武将，使全体友方获得+2/+1	[0]	9	1	1				
309012	过河拆桥	五	5	306012	guohechaiqiao	移除场上或营帐中的1个武将，使全体友方获得+3/+2	[0]	9	1	1				
309013	浑水摸鱼	六	6	303371	hunshuimoyu	随机获得2张等级5的武将牌或锦囊牌	[0]	9	1	1		[1]		
309014	火攻	四	4	303191	huogong	使1个友方攻击时，对2个随机敌方造成3点伤害	[0]	9	1	1		[1]		
309015	火攻	六	6	303192	huogong	使1个友方攻击时，对3个随机敌方造成4点伤害	[0]	9	1	1		[1]		
309016	火上浇油	三	3	306016	huoshangjiaoyou	使1个友方获得烈刃，并获得+1/+1	[0]	9	1	1		[1]		
309017	火上浇油	五	5	306017	huoshangjiaoyou	使1个友方获得烈刃*2，并获得+2/+2	[0]	9	1	1		[1]		
309018	借刀杀人	六	6	306018	jiedao	唯一效果。下场战斗开始时，对随机敌方造成最左侧敌方攻击力的伤害	[0]	9	1	1		[1]		
309019	借尸还魂	六	6	303391	jieshihuanhun	挑选最近淘汰的玩家场上的1个武将，保留所有强化效果	[0]	9	1	1		[1]		
309020	金蝉脱壳	二	2	306020	jinchantuoqiao	使营帐中的1个武将变化为随机等级+1的武将，并使其获得+1/+1	[0]	9	1	1		[1]		
309021	金蝉脱壳	四	4	303062	jinchantuoqiao	使营帐中的所有武将变为等级+1的武将	[0]	9	1	1		[1]		
309022	酒	二	2	306022	jiu	使1个友方攻击力+4	[0]	9	1	1		[1]		
309023	酒	三	3	306023	jiu	使1个友方攻击力+8	[0]	9	1	1		[1]		
309024	酒	四	4	306024	jiu	使1个友方攻击力+12	[0]	9	1	1		[1]		
309025	酒	五	5	306025	jiu	使1个友方攻击力+16	[0]	9	1	1		[1]		
309026	酒	六	6	306026	jiu	使1个友方攻击力+24	[0]	9	1	1		[1]		
309027	决斗	三	3	303211	juedou	使1个友方攻击时，对目标造成4点伤害	[0]	9	1	1		[1]	1	
309028	决斗	五	5	303212	juedou	使1个友方攻击时，对目标造成4点伤害2次	[0]	9	1	1		[1]	2	
309029	苦肉计	三	3	304101	kurouji	使1个友方战斗开始时，对自身造成1点伤害，永久获得+3/+3	[0]	9	0	1		[1]		
309030	苦肉计	五	5	304102	kurouji	使1个友方战斗开始时，对自身造成1点伤害，永久获得+5/+5	[0]	9	0	1		[1]		
309031	乐不思蜀	四	4	303111	lebusishu	下场战斗开始时，使攻击力最高的敌方无法攻击	[0]	9	1	1	lebusishu	[1]		
309032	联军盛宴	六	6	303281	lianjunshengyan	场上每有1个金色友方，获得2虎符	[0]	9	1	1		[1]		
309033	瞒天过海	六	6	303401	mantianguohai	触发所有友方的招募结束效果1次	[0]	9	1	1		[1]		
309034	美人计	五	5	303291	meirenji	选择营帐中的1个男性武将，获得1张基础复制	[0]	9	1	1		[1]		
309035	南蛮入侵	二	2	306035	nanmanruqin	使本局营帐中的武将永久获得+1/+1	[0]	9	1	1		[1]		
309036	南蛮入侵	四	4	306036	nanmanruqin	使本局营帐中的武将永久获得+3/+3	[0]	9	1	1		[1]		
309037	抛砖引玉	四	4	303121	paozhuanyinyu	选择1个友方，使营帐刷新出相同势力的武将	[0]	9	1	1		[1]		
309038	破釜沉舟	六	6	306038	pofuchenzhou	对主公造成1点伤害，使1个友方获得+1/+1（主公每损失2点体力额外+1/+1）	[0]	9	1	1		[1]		
309039	破阵溃敌	三	3	306039	pozhenkuidi	使1个友方获得破军：永久获得+2/+1	[0]	9	1	1		[1]		
309040	破阵溃敌	五	5	306040	pozhenkuidi	使1个友方获得破军：永久获得+4/+3	[0]	9	1	1		[1]		
309041	齐心并力	三	3	306041	qixinbingli	使全体友方攻击力+3	[0]	9	1	1		[1]		
309042	齐心并力	四	4	306042	qixinbingli	使全体友方攻击力+4	[0]	9	1	1		[1]		
309043	齐心并力	五	5	306043	qixinbingli	使全体友方攻击力+5	[0]	9	1	1		[1]		
309044	擒贼擒王	六	6	306044	qinzeiqinwang	下场战斗开始时，使体力值最高的敌方武将体力值减半	[0]	9	1	1	qinzeiqinwang	[1]		
309045	撒豆成兵	五	5	303301	sadouchengbing	用随机武将填满你的上阵区域	[0]	9	1	1				
309046	三顾茅庐	三	3	304231	sangumaolu	挑选1张等级5的武将牌，3轮后获得	[0]	9	1	1	sangumaolu	[1]		
309047	三十六计	五	5	303311	sanshiliuji	挑选1张当前营帐等级的锦囊牌	[0]	9	1	1		[1]		
309048	闪电	五	5	303241	shandian	唯一效果。下场战斗开始时，你进行判定：50%几率对场上1个随机武将造成999点伤害	[0]	9	1	1	shandian			
309049	树上开花	五	5	303321	shushangkaihua	唯一效果。本回合你每刷新2次营帐，下次刷新不消耗虎符	[0]	9	1	1		[1]		
309050	顺手牵羊	三	3	303131	shunshouqianyang	随机获得当前营帐中的1张牌	[0]	9	1	1		[1]		
309051	顺手牵羊	五	5	303132	shunshouqianyang	随机获得当前营帐中的2张牌	[0]	9	1	1		[1]		
309052	随机应变	六	6	303421	suijiyingbian	使用其他锦囊牌后，变为使用的上一张锦囊牌	[0]	9	1	1		[1]		
309053	桃	二	2	306053	tao	使1个友方体力值+4	[0]	9	1	1		[1]		
309054	桃	三	3	306054	tao	使1个友方体力值+8	[0]	9	1	1		[1]		
309055	桃	四	4	306055	tao	使1个友方体力值+12	[0]	9	1	1		[1]		
309056	桃	五	5	306056	tao	使1个友方体力值+16	[0]	9	1	1		[1]		
309057	桃	六	6	306057	tao	使1个友方体力值+24	[0]	9	1	1		[1]		
309058	桃园结义	三	3	306058	taoyuanjieyi	使全体友方体力值+3	[0]	9	1	1		[1]		
309059	桃园结义	四	4	303251	taoyuanjieyi	使全体友方体力值+4	[0]	9	1	1		[1]		
309060	桃园结义	五	5	306060	taoyuanjieyi	使全体友方体力值+5	[0]	9	1	1		[1]		
309061	天降神兵	五	5	303431	tianjiangshenbing	挑选1个新装备替换现有装备	[0]	9	1	1				
309062	偷梁换柱	四	4	306062	toulianghuanzhu	选择1个等级不高于2的友方，获得1张基础复制	[0]	9	1	1		[1]		
309063	偷梁换柱	六	6	306063	toulianghuanzhu	选择1个等级不高于4的友方，获得1张基础复制	[0]	9	1	1		[1]		
309064	屯粮	二	2	306064	tunliang	使1个友方招募结束时，永久获得+1/+1	[0]	9	1	1		[1]		
309065	屯粮	四	4	306065	tunliang	使1个友方招募结束时，永久获得+3/+3	[0]	9	1	1		[1]		
309066	万箭齐发	六	6	303043	wanjianqifa	下场战斗开始时，对全体敌方造成10点伤害	[0]	9	1	1	wanjian	[1]		
309067	望梅止渴	六	6	306067	wangmeizhike	获得5虎符，下回合少获得3虎符	[0]	9	1	1	wangmei	[1]		
309068	无懈可击	六	6	303441	wuxiekeji	使1个友方获得御策和+4/+4	[0]	9	1	1		[1]		
309069	无中生有	三	3	303161	wuzhongshengyou	获得2张等级1~2的随机武将牌	[0]	9	1	1		[1]		
309070	无中生有	五	5	303162	wuzhongshengyou	获得2张等级3~4的随机武将牌	[0]	9	1	1		[1]		
309071	五谷丰登	六	6	303262	wugufengdeng	使全体友方获得+4/+4	[0]	9	1	1		[1]		
309072	先驱	二	2	303071	xianqu	获得1虎符	[0]	9	1	1		[1]		
309073	先驱	三	3	306073	xianqu	获得2虎符	[0]	9	1	1		[1]		
309074	先驱	四	4	303072	xianqu	获得3虎符	[0]	9	1	1		[1]		
309075	一马当先	四	4	306092	yimadangxian	使1个友方获得冲阵：永久获得+3/+2	[0]	9	1	1				
309076	以逸待劳	五	5	303172	yiyidailao	使1个友方获得无法攻击和+6/+6	[0]	9	1	1		[1]		
309077	援军	三	3	306077	yuanjun	选择1个友方，获得1张相同势力的随机武将牌	[0]	9	1	1		[1]		
309078	援军	五	5	306078	yuanjun	选择1个友方，获得2张相同势力的随机武将牌	[0]	9	1	1		[1]		
309079	远交近攻	五	5	303331	yuanjiaojingong	下个回合你获得5虎符，其他所有存活玩家各获得1虎符	[0]	9	1	1	yuanjiaojingong	[1]		
309080	增兵减灶	四	4	303201	zengbingjianzao	挑选1张当前营帐等级的武将牌，然后选择一件装备移除	[0]	9	1	1				
309081	鸩毒	六	6	303451	zhendu	使1个友方获得仅限本回合的鸩毒	[0]	9	1	1		[1]		
309082	至死方休	六	6	306082	zhisifangxiu	使1个友方造成的伤害+3，并获得遗计：随机造成3点伤害	[0]	9	1	1		[1]		
309083	珠联璧合	二	2	303011	zhulianbihe	挑选1张等级2的武将牌	[0]	9	0	0		[1]		
309084	珠联璧合	三	3	303012	zhulianbihe	挑选1张等级3的武将牌	[0]	9	0	0		[1]		
309085	珠联璧合	四	4	303013	zhulianbihe	挑选1张等级4的武将牌	[0]	9	0	0		[1]		
309086	珠联璧合	五	5	303014	zhulianbihe	挑选1张等级5的武将牌	[0]	9	0	0		[1]		
309087	珠联璧合	六	6	303015	zhulianbihe	挑选1张等级6的武将牌	[0]	9	0	0		[1]		
309088	风调雨顺	六	6	306088	houyijinnang	使一个友方获得仅限本回合的御策和咆哮，并获得招募结束时，使全体友方获得+8/+8	[0]	9	0	0				1
309089	云行雨施	六	6	306089	houyijinnang	使一个友方获得仅限本回合的御策和咆哮，并获得攻击时，使全体友方永久获得+12/+12	[0]	9	0	0				1
309090	海晏河清	六	6	306090	houyijinnang	使一个友方获得仅限本回合的御策和咆哮，并获得战斗开始时，使全体友方永久获得+24/+24	[0]	9	0	0				1
309091	苦肉计	四	4	306091	kurouji	使1个友方战斗开始时，对自身造成1点伤害，永久获得+4/+3	[0]	9	1	1		[1]		
